{
	"credit": "Made with Blockbench",
	"texture_size": [256, 256],
	"textures": {
		"1": "siegeengines:weapons/ballistamount",
		"3": "siegeengines:weapons/ballista_body",
		"particle": "siegeengines:weapons/ballista_body"
	},
	"elements": [
		{
			"from": [5, 9, -8],
			"to": [11, 12, 24],
			"rotation": {"angle": 0, "axis": "x", "origin": [0, -6, 0]},
			"faces": {
				"north": {"uv": [2, 2, 2.375, 2.1875], "texture": "#3"},
				"east": {"uv": [0, 2, 2, 2.1875], "texture": "#3"},
				"south": {"uv": [4.375, 2, 4.75, 2.1875], "texture": "#3"},
				"west": {"uv": [2.375, 2, 4.375, 2.1875], "texture": "#3"},
				"up": {"uv": [2.375, 2, 2, 0], "texture": "#3"},
				"down": {"uv": [2.75, 0, 2.375, 2], "texture": "#3"}
			}
		},
		{
			"from": [-3, 8, -7],
			"to": [19, 10, -3],
			"rotation": {"angle": 0, "axis": "y", "origin": [0, -7, 0]},
			"faces": {
				"north": {"uv": [3.0625, 0.875, 4.4375, 1], "texture": "#3"},
				"east": {"uv": [2.8125, 0.875, 3.0625, 1], "texture": "#3"},
				"south": {"uv": [4.6875, 0.875, 6.0625, 1], "texture": "#3"},
				"west": {"uv": [4.4375, 0.875, 4.6875, 1], "texture": "#3"},
				"up": {"uv": [4.4375, 0.875, 3.0625, 0.625], "texture": "#3"},
				"down": {"uv": [5.8125, 0.625, 4.4375, 0.875], "texture": "#3"}
			}
		},
		{
			"from": [0, 10, -6],
			"to": [2, 15, -4],
			"rotation": {"angle": 0, "axis": "y", "origin": [0, -7, 0]},
			"faces": {
				"north": {"uv": [0.125, 2.375, 0.25, 2.6875], "texture": "#3"},
				"east": {"uv": [0, 2.375, 0.125, 2.6875], "texture": "#3"},
				"south": {"uv": [0.375, 2.375, 0.5, 2.6875], "texture": "#3"},
				"west": {"uv": [0.25, 2.375, 0.375, 2.6875], "texture": "#3"},
				"up": {"uv": [0.25, 2.375, 0.125, 2.25], "texture": "#3"},
				"down": {"uv": [0.375, 2.25, 0.25, 2.375], "texture": "#3"}
			}
		},
		{
			"from": [14, 10, -6],
			"to": [16, 15, -4],
			"rotation": {"angle": 0, "axis": "y", "origin": [0, -7, 0]},
			"faces": {
				"north": {"uv": [1.3125, 0.125, 1.4375, 0.4375], "texture": "#3"},
				"east": {"uv": [1.1875, 0.125, 1.3125, 0.4375], "texture": "#3"},
				"south": {"uv": [1.5625, 0.125, 1.6875, 0.4375], "texture": "#3"},
				"west": {"uv": [1.4375, 0.125, 1.5625, 0.4375], "texture": "#3"},
				"up": {"uv": [1.4375, 0.125, 1.3125, 0], "texture": "#3"},
				"down": {"uv": [1.5625, 0, 1.4375, 0.125], "texture": "#3"}
			}
		},
		{
			"from": [-3, 15, -7],
			"to": [19, 17, -3],
			"rotation": {"angle": 0, "axis": "y", "origin": [0, -7, 0]},
			"faces": {
				"north": {"uv": [3.0625, 0.4375, 4.4375, 0.5625], "texture": "#3"},
				"east": {"uv": [2.8125, 0.4375, 3.0625, 0.5625], "texture": "#3"},
				"south": {"uv": [4.6875, 0.4375, 6.0625, 0.5625], "texture": "#3"},
				"west": {"uv": [4.4375, 0.4375, 4.6875, 0.5625], "texture": "#3"},
				"up": {"uv": [4.4375, 0.4375, 3.0625, 0.1875], "texture": "#3"},
				"down": {"uv": [5.8125, 0.1875, 4.4375, 0.4375], "texture": "#3"}
			}
		},
		{
			"from": [-12.2, 11.5, -5.25],
			"to": [4.8, 13.5, -3.25],
			"rotation": {"angle": 22.5, "axis": "y", "origin": [0, -7, 0]},
			"faces": {
				"north": {"uv": [2.9375, 1.5, 4, 1.625], "texture": "#3"},
				"east": {"uv": [2.8125, 1.5, 2.9375, 1.625], "texture": "#3"},
				"south": {"uv": [4.125, 1.5, 5.1875, 1.625], "texture": "#3"},
				"west": {"uv": [4, 1.5, 4.125, 1.625], "texture": "#3"},
				"up": {"uv": [4, 1.5, 2.9375, 1.375], "texture": "#3"},
				"down": {"uv": [5.0625, 1.375, 4, 1.5], "texture": "#3"}
			}
		},
		{
			"from": [-12.5664, 12, 0.39429],
			"to": [28.4336, 13, 1.39429],
			"rotation": {"angle": 0, "axis": "y", "origin": [-4.5664, 12.5, -1.35571]},
			"faces": {
				"north": {"uv": [2.875, 0.0625, 5.4375, 0.125], "texture": "#3"},
				"east": {"uv": [2.8125, 0.0625, 2.875, 0.125], "texture": "#3"},
				"south": {"uv": [5.5, 0.0625, 8.0625, 0.125], "texture": "#3"},
				"west": {"uv": [5.4375, 0.0625, 5.5, 0.125], "texture": "#3"},
				"up": {"uv": [5.4375, 0.0625, 2.875, 0], "texture": "#3"},
				"down": {"uv": [8, 0, 5.4375, 0.0625], "texture": "#3"}
			}
		},
		{
			"from": [10, 11.5, -11.5],
			"to": [27, 13.5, -9.5],
			"rotation": {"angle": -22.5, "axis": "y", "origin": [0, -7, 0]},
			"faces": {
				"north": {"uv": [2.9375, 1.1875, 4, 1.3125], "texture": "#3"},
				"east": {"uv": [2.8125, 1.1875, 2.9375, 1.3125], "texture": "#3"},
				"south": {"uv": [4.125, 1.1875, 5.1875, 1.3125], "texture": "#3"},
				"west": {"uv": [4, 1.1875, 4.125, 1.3125], "texture": "#3"},
				"up": {"uv": [4, 1.1875, 2.9375, 1.0625], "texture": "#3"},
				"down": {"uv": [5.0625, 1.0625, 4, 1.1875], "texture": "#3"}
			}
		},
		{
			"from": [5, 13, -8],
			"to": [6, 14, 24],
			"rotation": {"angle": 0, "axis": "y", "origin": [0, -7, 0]},
			"faces": {
				"north": {"uv": [4.1875, 4.375, 4.25, 4.4375], "texture": "#3"},
				"east": {"uv": [2.1875, 4.375, 4.1875, 4.4375], "texture": "#3"},
				"south": {"uv": [6.25, 4.375, 6.3125, 4.4375], "texture": "#3"},
				"west": {"uv": [4.25, 4.375, 6.25, 4.4375], "texture": "#3"},
				"up": {"uv": [4.25, 4.375, 4.1875, 2.375], "texture": "#3"},
				"down": {"uv": [4.3125, 2.375, 4.25, 4.375], "texture": "#3"}
			}
		},
		{
			"from": [10, 13, -8],
			"to": [11, 14, 24],
			"rotation": {"angle": 0, "axis": "y", "origin": [0, -7, 0]},
			"faces": {
				"north": {"uv": [2, 4.25, 2.0625, 4.3125], "texture": "#3"},
				"east": {"uv": [0, 4.25, 2, 4.3125], "texture": "#3"},
				"south": {"uv": [4.0625, 4.25, 4.125, 4.3125], "texture": "#3"},
				"west": {"uv": [2.0625, 4.25, 4.0625, 4.3125], "texture": "#3"},
				"up": {"uv": [2.0625, 4.25, 2, 2.25], "texture": "#3"},
				"down": {"uv": [2.125, 2.25, 2.0625, 4.25], "texture": "#3"}
			}
		},
		{
			"from": [10, 12, 22],
			"to": [11, 13, 24],
			"rotation": {"angle": 0, "axis": "y", "origin": [0, -7, 0]},
			"faces": {
				"north": {"uv": [1, 1.4375, 1.0625, 1.5], "texture": "#3"},
				"east": {"uv": [0.875, 1.4375, 1, 1.5], "texture": "#3"},
				"south": {"uv": [1.1875, 1.4375, 1.25, 1.5], "texture": "#3"},
				"west": {"uv": [1.0625, 1.4375, 1.1875, 1.5], "texture": "#3"},
				"up": {"uv": [1.0625, 1.4375, 1, 1.3125], "texture": "#3"},
				"down": {"uv": [1.125, 1.3125, 1.0625, 1.4375], "texture": "#3"}
			}
		},
		{
			"from": [10, 12, -8],
			"to": [11, 13, -2],
			"rotation": {"angle": 0, "axis": "y", "origin": [0, -7, 0]},
			"faces": {
				"north": {"uv": [1.3125, 1.5625, 1.375, 1.625], "texture": "#3"},
				"east": {"uv": [0.9375, 1.5625, 1.3125, 1.625], "texture": "#3"},
				"south": {"uv": [1.75, 1.5625, 1.8125, 1.625], "texture": "#3"},
				"west": {"uv": [1.375, 1.5625, 1.75, 1.625], "texture": "#3"},
				"up": {"uv": [1.375, 1.5625, 1.3125, 1.1875], "texture": "#3"},
				"down": {"uv": [1.4375, 1.1875, 1.375, 1.5625], "texture": "#3"}
			}
		},
		{
			"from": [5, 12, -8],
			"to": [6, 13, -2],
			"rotation": {"angle": 0, "axis": "y", "origin": [0, -7, 0]},
			"faces": {
				"north": {"uv": [0.375, 1.5625, 0.4375, 1.625], "texture": "#3"},
				"east": {"uv": [0, 1.5625, 0.375, 1.625], "texture": "#3"},
				"south": {"uv": [0.8125, 1.5625, 0.875, 1.625], "texture": "#3"},
				"west": {"uv": [0.4375, 1.5625, 0.8125, 1.625], "texture": "#3"},
				"up": {"uv": [0.4375, 1.5625, 0.375, 1.1875], "texture": "#3"},
				"down": {"uv": [0.5, 1.1875, 0.4375, 1.5625], "texture": "#3"}
			}
		},
		{
			"from": [5, 12, 22],
			"to": [6, 13, 24],
			"rotation": {"angle": 0, "axis": "y", "origin": [0, -7, 0]},
			"faces": {
				"north": {"uv": [0.6875, 1.3125, 0.75, 1.375], "texture": "#3"},
				"east": {"uv": [0.5625, 1.3125, 0.6875, 1.375], "texture": "#3"},
				"south": {"uv": [0.875, 1.3125, 0.9375, 1.375], "texture": "#3"},
				"west": {"uv": [0.75, 1.3125, 0.875, 1.375], "texture": "#3"},
				"up": {"uv": [0.75, 1.3125, 0.6875, 1.1875], "texture": "#3"},
				"down": {"uv": [0.8125, 1.1875, 0.75, 1.3125], "texture": "#3"}
			}
		},
		{
			"from": [6, -14, 26],
			"to": [10, -9, 31],
			"rotation": {"angle": -45, "axis": "x", "origin": [0, -7, 0]},
			"faces": {
				"north": {"uv": [0.3125, 0.3125, 0.5625, 0.625], "texture": "#3"},
				"east": {"uv": [0, 0.3125, 0.3125, 0.625], "texture": "#3"},
				"south": {"uv": [0.875, 0.3125, 1.125, 0.625], "texture": "#3"},
				"west": {"uv": [0.5625, 0.3125, 0.875, 0.625], "texture": "#3"},
				"up": {"uv": [0.5625, 0.3125, 0.3125, 0], "texture": "#3"},
				"down": {"uv": [0.8125, 0, 0.5625, 0.3125], "texture": "#3"}
			}
		},
		{
			"from": [6.5, 7, 6],
			"to": [9.5, 9, 9],
			"rotation": {"angle": 0, "axis": "y", "origin": [8, 4.5, 7.5]},
			"faces": {
				"north": {"uv": [0.125, 1.5, 0.4375, 1.75], "texture": "#1"},
				"east": {"uv": [0.125, 1.5, 0.4375, 1.75], "texture": "#1"},
				"south": {"uv": [0.125, 1.5, 0.4375, 1.75], "texture": "#1"},
				"west": {"uv": [0.125, 1.5, 0.4375, 1.75], "texture": "#1"},
				"up": {"uv": [0.125, 1.5, 0.4375, 1.75], "texture": "#1"},
				"down": {"uv": [0.125, 1.5, 0.4375, 1.75], "texture": "#1"}
			}
		},
		{
			"from": [6.5, 0, 6],
			"to": [9.5, 4, 9],
			"rotation": {"angle": 0, "axis": "y", "origin": [8, -1.5, 7.5]},
			"faces": {
				"north": {"uv": [0.125, 1.5, 0.4375, 1.75], "texture": "#1"},
				"east": {"uv": [0.125, 1.5, 0.4375, 1.75], "texture": "#1"},
				"south": {"uv": [0.125, 1.5, 0.4375, 1.75], "texture": "#1"},
				"west": {"uv": [0.125, 1.5, 0.4375, 1.75], "texture": "#1"},
				"up": {"uv": [0.125, 1.5, 0.4375, 1.75], "texture": "#1"},
				"down": {"uv": [0.125, 1.5, 0.4375, 1.75], "texture": "#1"}
			}
		},
		{
			"from": [0, 0, 6],
			"to": [16, 1, 9],
			"rotation": {"angle": 0, "axis": "y", "origin": [8, -1.5, 7.5]},
			"faces": {
				"north": {"uv": [1.25, 0.8125, 1.5625, 1.0625], "texture": "#1"},
				"east": {"uv": [1.25, 0.8125, 1.5625, 1.0625], "texture": "#1"},
				"south": {"uv": [1.25, 0.8125, 1.5625, 1.0625], "texture": "#1"},
				"west": {"uv": [1.25, 0.8125, 1.5625, 1.0625], "texture": "#1"},
				"up": {"uv": [1.25, 0.8125, 1.5625, 1.0625], "texture": "#1"},
				"down": {"uv": [1.25, 0.8125, 1.5625, 1.0625], "texture": "#1"}
			}
		},
		{
			"from": [6.5, 0, 0],
			"to": [9.5, 1, 16],
			"rotation": {"angle": 0, "axis": "y", "origin": [8, -1.5, 7.5]},
			"faces": {
				"north": {"uv": [1.25, 0.8125, 1.5625, 1.0625], "texture": "#1"},
				"east": {"uv": [1.25, 0.8125, 1.5625, 1.0625], "texture": "#1"},
				"south": {"uv": [1.25, 0.8125, 1.5625, 1.0625], "texture": "#1"},
				"west": {"uv": [1.25, 0.8125, 1.5625, 1.0625], "texture": "#1"},
				"up": {"uv": [1.25, 0.8125, 1.5625, 1.0625], "texture": "#1"},
				"down": {"uv": [1.25, 0.8125, 1.5625, 1.0625], "texture": "#1"}
			}
		},
		{
			"from": [7.5, 1.40187, 8.27749],
			"to": [8.5, 2.40187, 15.52749],
			"rotation": {"angle": 22.5, "axis": "x", "origin": [8, 1.90187, 11.90249]},
			"faces": {
				"north": {"uv": [1.25, 0.8125, 1.5625, 1.0625], "texture": "#1"},
				"east": {"uv": [1.25, 0.8125, 1.5625, 1.0625], "texture": "#1"},
				"south": {"uv": [1.25, 0.8125, 1.5625, 1.0625], "texture": "#1"},
				"west": {"uv": [1.25, 0.8125, 1.5625, 1.0625], "texture": "#1"},
				"up": {"uv": [1.25, 0.8125, 1.5625, 1.0625], "texture": "#1"},
				"down": {"uv": [1.25, 0.8125, 1.5625, 1.0625], "texture": "#1"}
			}
		},
		{
			"from": [7.5, 1.40187, 0.27749],
			"to": [8.5, 2.40187, 7.52749],
			"rotation": {"angle": -22.5, "axis": "x", "origin": [8, 1.90187, 3.90249]},
			"faces": {
				"north": {"uv": [1.25, 0.8125, 1.5625, 1.0625], "texture": "#1"},
				"east": {"uv": [1.25, 0.8125, 1.5625, 1.0625], "texture": "#1"},
				"south": {"uv": [1.25, 0.8125, 1.5625, 1.0625], "texture": "#1"},
				"west": {"uv": [1.25, 0.8125, 1.5625, 1.0625], "texture": "#1"},
				"up": {"uv": [1.25, 0.8125, 1.5625, 1.0625], "texture": "#1"},
				"down": {"uv": [1.25, 0.8125, 1.5625, 1.0625], "texture": "#1"}
			}
		},
		{
			"from": [0.375, 1.40187, 7.00249],
			"to": [7.625, 2.40187, 8.00249],
			"rotation": {"angle": 0, "axis": "x", "origin": [4, 1.90187, 7.50249]},
			"faces": {
				"north": {"uv": [1.25, 0.8125, 1.5625, 1.0625], "texture": "#1"},
				"east": {"uv": [1.25, 0.8125, 1.5625, 1.0625], "texture": "#1"},
				"south": {"uv": [1.25, 0.8125, 1.5625, 1.0625], "texture": "#1"},
				"west": {"uv": [1.25, 0.8125, 1.5625, 1.0625], "texture": "#1"},
				"up": {"uv": [1.25, 0.8125, 1.5625, 1.0625], "rotation": 270, "texture": "#1"},
				"down": {"uv": [1.25, 0.8125, 1.5625, 1.0625], "rotation": 90, "texture": "#1"}
			}
		},
		{
			"from": [8.375, 1.40187, 7.00249],
			"to": [15.625, 2.40187, 8.00249],
			"rotation": {"angle": -22.5, "axis": "z", "origin": [12, 1.90187, 7.50249]},
			"faces": {
				"north": {"uv": [1.25, 0.8125, 1.5625, 1.0625], "texture": "#1"},
				"east": {"uv": [1.25, 0.8125, 1.5625, 1.0625], "texture": "#1"},
				"south": {"uv": [1.25, 0.8125, 1.5625, 1.0625], "texture": "#1"},
				"west": {"uv": [1.25, 0.8125, 1.5625, 1.0625], "texture": "#1"},
				"up": {"uv": [1.25, 0.8125, 1.5625, 1.0625], "rotation": 270, "texture": "#1"},
				"down": {"uv": [1.25, 0.8125, 1.5625, 1.0625], "rotation": 90, "texture": "#1"}
			}
		},
		{
			"from": [7.25, 3, 6.75],
			"to": [8.75, 7, 8.25],
			"rotation": {"angle": 0, "axis": "y", "origin": [8, 6.5, 7.5]},
			"faces": {
				"north": {"uv": [0.125, 1.5, 0.4375, 1.75], "texture": "#1"},
				"east": {"uv": [0.125, 1.5, 0.4375, 1.75], "texture": "#1"},
				"south": {"uv": [0.125, 1.5, 0.4375, 1.75], "texture": "#1"},
				"west": {"uv": [0.125, 1.5, 0.4375, 1.75], "texture": "#1"},
				"up": {"uv": [0.125, 1.5, 0.4375, 1.75], "texture": "#1"},
				"down": {"uv": [0.125, 1.5, 0.4375, 1.75], "texture": "#1"}
			}
		}
	],
	"display": {
		"thirdperson_righthand": {
			"rotation": [91, 0, 0],
			"translation": [0.25, -2.5, -2],
			"scale": [0.33398, 0.33398, 0.33398]
		},
		"thirdperson_lefthand": {
			"rotation": [91, 0, 0],
			"translation": [0.25, -2.5, -2],
			"scale": [0.33398, 0.33398, 0.33398]
		},
		"firstperson_righthand": {
			"scale": [0.38281, 0.38281, 0.38281]
		},
		"firstperson_lefthand": {
			"scale": [0.38281, 0.38281, 0.38281]
		},
		"ground": {
			"scale": [0.60938, 0.60938, 0.60938]
		},
		"gui": {
			"rotation": [56, 55, -44],
			"translation": [-0.75, -1.25, 0],
			"scale": [0.5, 0.5, 0.5]
		},
		"head": {
			"translation": [0, -9.5, 0.75],
			"scale": [2, 2, 2]
		},
		"fixed": {
			"scale": [0.64648, 0.64648, 0.64648]
		}
	},
	"groups": [
		{
			"name": "Ballista",
			"origin": [0, 0, 0],
			"color": 0,
			"children": [0, 1, 2, 3, 4, 5, 6, 7, 8, 9, 10, 11, 12, 13, 14]
		},
		{
			"name": "mount",
			"origin": [2.5, 9.19101, 8.5205],
			"color": 0,
			"children": [15, 16, 17, 18, 19, 20, 21, 22, 23]
		}
	]
}