{
	"credit": "Made with Blockbench",
	"texture_size": [256, 256],
	"textures": {
		"0": "siegeengines:weapons/ballista_body",
		"2": "siegeengines:weapons/ballistamount",
		"3": "siegeengines:weapons/bolt",
		"particle": "siegeengines:weapons/ballista_body"
	},
	"elements": [
		{
			"from": [5, 9, -7],
			"to": [11, 12, 25],
			"rotation": {"angle": 0, "axis": "x", "origin": [0, -6, 1]},
			"faces": {
				"north": {"uv": [2, 2, 2.375, 2.1875], "texture": "#0"},
				"east": {"uv": [0, 2, 2, 2.1875], "texture": "#0"},
				"south": {"uv": [4.375, 2, 4.75, 2.1875], "texture": "#0"},
				"west": {"uv": [2.375, 2, 4.375, 2.1875], "texture": "#0"},
				"up": {"uv": [2.375, 2, 2, 0], "texture": "#0"},
				"down": {"uv": [2.75, 0, 2.375, 2], "texture": "#0"}
			}
		},
		{
			"from": [-3, 8, -6],
			"to": [19, 10, -2],
			"rotation": {"angle": 0, "axis": "y", "origin": [0, -7, 1]},
			"faces": {
				"north": {"uv": [3.0625, 0.875, 4.4375, 1], "texture": "#0"},
				"east": {"uv": [2.8125, 0.875, 3.0625, 1], "texture": "#0"},
				"south": {"uv": [4.6875, 0.875, 6.0625, 1], "texture": "#0"},
				"west": {"uv": [4.4375, 0.875, 4.6875, 1], "texture": "#0"},
				"up": {"uv": [4.4375, 0.875, 3.0625, 0.625], "texture": "#0"},
				"down": {"uv": [5.8125, 0.625, 4.4375, 0.875], "texture": "#0"}
			}
		},
		{
			"from": [0, 10, -5],
			"to": [2, 15, -3],
			"rotation": {"angle": 0, "axis": "y", "origin": [0, -7, 1]},
			"faces": {
				"north": {"uv": [0.125, 2.375, 0.25, 2.6875], "texture": "#0"},
				"east": {"uv": [0, 2.375, 0.125, 2.6875], "texture": "#0"},
				"south": {"uv": [0.375, 2.375, 0.5, 2.6875], "texture": "#0"},
				"west": {"uv": [0.25, 2.375, 0.375, 2.6875], "texture": "#0"},
				"up": {"uv": [0.25, 2.375, 0.125, 2.25], "texture": "#0"},
				"down": {"uv": [0.375, 2.25, 0.25, 2.375], "texture": "#0"}
			}
		},
		{
			"from": [14, 10, -5],
			"to": [16, 15, -3],
			"rotation": {"angle": 0, "axis": "y", "origin": [0, -7, 1]},
			"faces": {
				"north": {"uv": [1.3125, 0.125, 1.4375, 0.4375], "texture": "#0"},
				"east": {"uv": [1.1875, 0.125, 1.3125, 0.4375], "texture": "#0"},
				"south": {"uv": [1.5625, 0.125, 1.6875, 0.4375], "texture": "#0"},
				"west": {"uv": [1.4375, 0.125, 1.5625, 0.4375], "texture": "#0"},
				"up": {"uv": [1.4375, 0.125, 1.3125, 0], "texture": "#0"},
				"down": {"uv": [1.5625, 0, 1.4375, 0.125], "texture": "#0"}
			}
		},
		{
			"from": [-3, 15, -6],
			"to": [19, 17, -2],
			"rotation": {"angle": 0, "axis": "y", "origin": [0, -7, 1]},
			"faces": {
				"north": {"uv": [3.0625, 0.4375, 4.4375, 0.5625], "texture": "#0"},
				"east": {"uv": [2.8125, 0.4375, 3.0625, 0.5625], "texture": "#0"},
				"south": {"uv": [4.6875, 0.4375, 6.0625, 0.5625], "texture": "#0"},
				"west": {"uv": [4.4375, 0.4375, 4.6875, 0.5625], "texture": "#0"},
				"up": {"uv": [4.4375, 0.4375, 3.0625, 0.1875], "texture": "#0"},
				"down": {"uv": [5.8125, 0.1875, 4.4375, 0.4375], "texture": "#0"}
			}
		},
		{
			"from": [-1.54476, 11.5, -7.76056],
			"to": [0.45524, 13.5, 9.23944],
			"rotation": {"angle": -22.5, "axis": "y", "origin": [-5.04476, 12.5, -1.51056]},
			"faces": {
				"north": {"uv": [2.3125, 2.0625, 2.1875, 2.1875], "texture": "#0"},
				"east": {"uv": [3.375, 2.0625, 2.3125, 2.1875], "texture": "#0"},
				"south": {"uv": [3.5, 2.0625, 3.375, 2.1875], "texture": "#0"},
				"west": {"uv": [2.1875, 2.0625, 1.125, 2.1875], "texture": "#0"},
				"up": {"uv": [2.1875, 2.0625, 2.3125, 1], "texture": "#0"},
				"down": {"uv": [2.3125, 1, 2.4375, 2.0625], "texture": "#0"}
			}
		},
		{
			"from": [-12.5664, 12, 13.39429],
			"to": [4.6836, 13, 14.39429],
			"rotation": {"angle": -45, "axis": "y", "origin": [-2.0664, 12.5, 21.89429]},
			"faces": {
				"north": {"uv": [2.875, 0.0625, 3.9375, 0.125], "texture": "#0"},
				"east": {"uv": [2.8125, 0.0625, 2.875, 0.125], "texture": "#0"},
				"south": {"uv": [4, 0.0625, 5.0625, 0.125], "texture": "#0"},
				"west": {"uv": [3.9375, 0.0625, 4, 0.125], "texture": "#0"},
				"up": {"uv": [3.9375, 0.0625, 2.875, 0], "texture": "#0"},
				"down": {"uv": [5, 0, 3.9375, 0.0625], "texture": "#0"}
			}
		},
		{
			"from": [12.1836, 12, 11.39429],
			"to": [29.4336, 13, 12.39429],
			"rotation": {"angle": 45, "axis": "y", "origin": [20.9336, 12.5, 21.89429]},
			"faces": {
				"north": {"uv": [2.875, 0.0625, 3.9375, 0.125], "texture": "#0"},
				"east": {"uv": [2.8125, 0.0625, 2.875, 0.125], "texture": "#0"},
				"south": {"uv": [4, 0.0625, 5.0625, 0.125], "texture": "#0"},
				"west": {"uv": [3.9375, 0.0625, 4, 0.125], "texture": "#0"},
				"up": {"uv": [3.9375, 0.0625, 2.875, 0], "texture": "#0"},
				"down": {"uv": [5, 0, 3.9375, 0.0625], "texture": "#0"}
			}
		},
		{
			"from": [15.35995, 11.5, -7.62109],
			"to": [17.35995, 13.5, 9.37891],
			"rotation": {"angle": 22.5, "axis": "y", "origin": [21.10995, 12.5, -1.62109]},
			"faces": {
				"north": {"uv": [2.25, 2, 2.375, 2.125], "texture": "#0"},
				"east": {"uv": [1.1875, 2, 2.25, 2.125], "texture": "#0"},
				"south": {"uv": [3.4375, 2, 3.5625, 2.125], "texture": "#0"},
				"west": {"uv": [2.375, 2, 3.4375, 2.125], "texture": "#0"},
				"up": {"uv": [2.375, 2, 2.25, 0.9375], "texture": "#0"},
				"down": {"uv": [2.5, 0.9375, 2.375, 2], "texture": "#0"}
			}
		},
		{
			"from": [5, 13, -7],
			"to": [6, 14, 25],
			"rotation": {"angle": 0, "axis": "y", "origin": [0, -7, 1]},
			"faces": {
				"north": {"uv": [2, 2.0625, 2.0625, 2.125], "texture": "#0"},
				"east": {"uv": [0, 2.0625, 2, 2.125], "texture": "#0"},
				"south": {"uv": [4.0625, 2.0625, 4.125, 2.125], "texture": "#0"},
				"west": {"uv": [2.0625, 2.0625, 4.0625, 2.125], "texture": "#0"},
				"up": {"uv": [2.0625, 2.0625, 2, 0.0625], "texture": "#0"},
				"down": {"uv": [2.125, 0.0625, 2.0625, 2.0625], "texture": "#0"}
			}
		},
		{
			"from": [10, 13, -7],
			"to": [11, 14, 25],
			"rotation": {"angle": 0, "axis": "y", "origin": [0, -7, 1]},
			"faces": {
				"north": {"uv": [2, 2.125, 2.0625, 2.1875], "texture": "#0"},
				"east": {"uv": [0, 2.125, 2, 2.1875], "texture": "#0"},
				"south": {"uv": [4.0625, 2.125, 4.125, 2.1875], "texture": "#0"},
				"west": {"uv": [2.0625, 2.125, 4.0625, 2.1875], "texture": "#0"},
				"up": {"uv": [2.0625, 2.125, 2, 0.125], "texture": "#0"},
				"down": {"uv": [2.125, 0.125, 2.0625, 2.125], "texture": "#0"}
			}
		},
		{
			"from": [10, 12, 23],
			"to": [11, 13, 25],
			"rotation": {"angle": 0, "axis": "y", "origin": [0, -7, 1]},
			"faces": {
				"north": {"uv": [1, 1.4375, 1.0625, 1.5], "texture": "#0"},
				"east": {"uv": [0.875, 1.4375, 1, 1.5], "texture": "#0"},
				"south": {"uv": [1.1875, 1.4375, 1.25, 1.5], "texture": "#0"},
				"west": {"uv": [1.0625, 1.4375, 1.1875, 1.5], "texture": "#0"},
				"up": {"uv": [1.0625, 1.4375, 1, 1.3125], "texture": "#0"},
				"down": {"uv": [1.125, 1.3125, 1.0625, 1.4375], "texture": "#0"}
			}
		},
		{
			"from": [10, 12, -7],
			"to": [11, 13, -1],
			"rotation": {"angle": 0, "axis": "y", "origin": [0, -7, 1]},
			"faces": {
				"north": {"uv": [1.3125, 1.5625, 1.375, 1.625], "texture": "#0"},
				"east": {"uv": [0.9375, 1.5625, 1.3125, 1.625], "texture": "#0"},
				"south": {"uv": [1.75, 1.5625, 1.8125, 1.625], "texture": "#0"},
				"west": {"uv": [1.375, 1.5625, 1.75, 1.625], "texture": "#0"},
				"up": {"uv": [1.375, 1.5625, 1.3125, 1.1875], "texture": "#0"},
				"down": {"uv": [1.4375, 1.1875, 1.375, 1.5625], "texture": "#0"}
			}
		},
		{
			"from": [5, 12, -7],
			"to": [6, 13, -1],
			"rotation": {"angle": 0, "axis": "y", "origin": [0, -7, 1]},
			"faces": {
				"north": {"uv": [0.375, 1.5625, 0.4375, 1.625], "texture": "#0"},
				"east": {"uv": [0, 1.5625, 0.375, 1.625], "texture": "#0"},
				"south": {"uv": [0.8125, 1.5625, 0.875, 1.625], "texture": "#0"},
				"west": {"uv": [0.4375, 1.5625, 0.8125, 1.625], "texture": "#0"},
				"up": {"uv": [0.4375, 1.5625, 0.375, 1.1875], "texture": "#0"},
				"down": {"uv": [0.5, 1.1875, 0.4375, 1.5625], "texture": "#0"}
			}
		},
		{
			"from": [5, 12, 23],
			"to": [6, 13, 25],
			"rotation": {"angle": 0, "axis": "y", "origin": [0, -7, 1]},
			"faces": {
				"north": {"uv": [0.6875, 1.3125, 0.75, 1.375], "texture": "#0"},
				"east": {"uv": [0.5625, 1.3125, 0.6875, 1.375], "texture": "#0"},
				"south": {"uv": [0.875, 1.3125, 0.9375, 1.375], "texture": "#0"},
				"west": {"uv": [0.75, 1.3125, 0.875, 1.375], "texture": "#0"},
				"up": {"uv": [0.75, 1.3125, 0.6875, 1.1875], "texture": "#0"},
				"down": {"uv": [0.8125, 1.1875, 0.75, 1.3125], "texture": "#0"}
			}
		},
		{
			"from": [6, -14, 27],
			"to": [10, -9, 32],
			"rotation": {"angle": -45, "axis": "x", "origin": [0, -7, 1]},
			"faces": {
				"north": {"uv": [0.3125, 0.3125, 0.5625, 0.625], "texture": "#0"},
				"east": {"uv": [0, 0.3125, 0.3125, 0.625], "texture": "#0"},
				"south": {"uv": [0.875, 0.3125, 1.125, 0.625], "texture": "#0"},
				"west": {"uv": [0.5625, 0.3125, 0.875, 0.625], "texture": "#0"},
				"up": {"uv": [0.5625, 0.3125, 0.3125, 0], "texture": "#0"},
				"down": {"uv": [0.8125, 0, 0.5625, 0.3125], "texture": "#0"}
			}
		},
		{
			"from": [7, 12, 10.75],
			"to": [9, 14, 18.75],
			"rotation": {"angle": 0, "axis": "y", "origin": [7, 12, 16.75]},
			"faces": {
				"north": {"uv": [0.375, 0, 2.25, 0.225], "texture": "#3"},
				"east": {"uv": [0.375, 0, 2.25, 0.225], "texture": "#3"},
				"south": {"uv": [0.375, 0, 2.25, 0.225], "texture": "#3"},
				"west": {"uv": [0.375, 0, 2.25, 0.225], "texture": "#3"},
				"up": {"uv": [0.375, 0, 2.25, 0.225], "texture": "#3"},
				"down": {"uv": [0.375, 0, 2.25, 0.225], "texture": "#3"}
			}
		},
		{
			"from": [6.5, 7, 6],
			"to": [9.5, 9, 9],
			"rotation": {"angle": 0, "axis": "y", "origin": [8, 4.5, 7.5]},
			"faces": {
				"north": {"uv": [0.125, 1.5, 0.4375, 1.75], "texture": "#2"},
				"east": {"uv": [0.125, 1.5, 0.4375, 1.75], "texture": "#2"},
				"south": {"uv": [0.125, 1.5, 0.4375, 1.75], "texture": "#2"},
				"west": {"uv": [0.125, 1.5, 0.4375, 1.75], "texture": "#2"},
				"up": {"uv": [0.125, 1.5, 0.4375, 1.75], "texture": "#2"},
				"down": {"uv": [0.125, 1.5, 0.4375, 1.75], "texture": "#2"}
			}
		},
		{
			"from": [6.5, 0, 6],
			"to": [9.5, 4, 9],
			"rotation": {"angle": 0, "axis": "y", "origin": [8, -1.5, 7.5]},
			"faces": {
				"north": {"uv": [0.125, 1.5, 0.4375, 1.75], "texture": "#2"},
				"east": {"uv": [0.125, 1.5, 0.4375, 1.75], "texture": "#2"},
				"south": {"uv": [0.125, 1.5, 0.4375, 1.75], "texture": "#2"},
				"west": {"uv": [0.125, 1.5, 0.4375, 1.75], "texture": "#2"},
				"up": {"uv": [0.125, 1.5, 0.4375, 1.75], "texture": "#2"},
				"down": {"uv": [0.125, 1.5, 0.4375, 1.75], "texture": "#2"}
			}
		},
		{
			"from": [0, 0, 6],
			"to": [16, 1, 9],
			"rotation": {"angle": 0, "axis": "y", "origin": [8, -1.5, 7.5]},
			"faces": {
				"north": {"uv": [1.25, 0.8125, 1.5625, 1.0625], "texture": "#2"},
				"east": {"uv": [1.25, 0.8125, 1.5625, 1.0625], "texture": "#2"},
				"south": {"uv": [1.25, 0.8125, 1.5625, 1.0625], "texture": "#2"},
				"west": {"uv": [1.25, 0.8125, 1.5625, 1.0625], "texture": "#2"},
				"up": {"uv": [1.25, 0.8125, 1.5625, 1.0625], "texture": "#2"},
				"down": {"uv": [1.25, 0.8125, 1.5625, 1.0625], "texture": "#2"}
			}
		},
		{
			"from": [6.5, 0, 0],
			"to": [9.5, 1, 16],
			"rotation": {"angle": 0, "axis": "y", "origin": [8, -1.5, 7.5]},
			"faces": {
				"north": {"uv": [1.25, 0.8125, 1.5625, 1.0625], "texture": "#2"},
				"east": {"uv": [1.25, 0.8125, 1.5625, 1.0625], "texture": "#2"},
				"south": {"uv": [1.25, 0.8125, 1.5625, 1.0625], "texture": "#2"},
				"west": {"uv": [1.25, 0.8125, 1.5625, 1.0625], "texture": "#2"},
				"up": {"uv": [1.25, 0.8125, 1.5625, 1.0625], "texture": "#2"},
				"down": {"uv": [1.25, 0.8125, 1.5625, 1.0625], "texture": "#2"}
			}
		},
		{
			"from": [7.5, 1.40187, 8.27749],
			"to": [8.5, 2.40187, 15.52749],
			"rotation": {"angle": 22.5, "axis": "x", "origin": [8, 1.90187, 11.90249]},
			"faces": {
				"north": {"uv": [1.25, 0.8125, 1.5625, 1.0625], "texture": "#2"},
				"east": {"uv": [1.25, 0.8125, 1.5625, 1.0625], "texture": "#2"},
				"south": {"uv": [1.25, 0.8125, 1.5625, 1.0625], "texture": "#2"},
				"west": {"uv": [1.25, 0.8125, 1.5625, 1.0625], "texture": "#2"},
				"up": {"uv": [1.25, 0.8125, 1.5625, 1.0625], "texture": "#2"},
				"down": {"uv": [1.25, 0.8125, 1.5625, 1.0625], "texture": "#2"}
			}
		},
		{
			"from": [7.5, 1.40187, 0.27749],
			"to": [8.5, 2.40187, 7.52749],
			"rotation": {"angle": -22.5, "axis": "x", "origin": [8, 1.90187, 3.90249]},
			"faces": {
				"north": {"uv": [1.25, 0.8125, 1.5625, 1.0625], "texture": "#2"},
				"east": {"uv": [1.25, 0.8125, 1.5625, 1.0625], "texture": "#2"},
				"south": {"uv": [1.25, 0.8125, 1.5625, 1.0625], "texture": "#2"},
				"west": {"uv": [1.25, 0.8125, 1.5625, 1.0625], "texture": "#2"},
				"up": {"uv": [1.25, 0.8125, 1.5625, 1.0625], "texture": "#2"},
				"down": {"uv": [1.25, 0.8125, 1.5625, 1.0625], "texture": "#2"}
			}
		},
		{
			"from": [0.375, 1.40187, 7.00249],
			"to": [7.625, 2.40187, 8.00249],
			"rotation": {"angle": 0, "axis": "x", "origin": [4, 1.90187, 7.50249]},
			"rotated": [0, 0, 22.5],
			"faces": {
				"north": {"uv": [1.25, 0.8125, 1.5625, 1.0625], "texture": "#2"},
				"east": {"uv": [1.25, 0.8125, 1.5625, 1.0625], "texture": "#2"},
				"south": {"uv": [1.25, 0.8125, 1.5625, 1.0625], "texture": "#2"},
				"west": {"uv": [1.25, 0.8125, 1.5625, 1.0625], "texture": "#2"},
				"up": {"uv": [1.25, 0.8125, 1.5625, 1.0625], "rotation": 270, "texture": "#2"},
				"down": {"uv": [1.25, 0.8125, 1.5625, 1.0625], "rotation": 90, "texture": "#2"}
			}
		},
		{
			"from": [8.375, 1.40187, 7.00249],
			"to": [15.625, 2.40187, 8.00249],
			"rotation": {"angle": -22.5, "axis": "z", "origin": [12, 1.90187, 7.50249]},
			"faces": {
				"north": {"uv": [1.25, 0.8125, 1.5625, 1.0625], "texture": "#2"},
				"east": {"uv": [1.25, 0.8125, 1.5625, 1.0625], "texture": "#2"},
				"south": {"uv": [1.25, 0.8125, 1.5625, 1.0625], "texture": "#2"},
				"west": {"uv": [1.25, 0.8125, 1.5625, 1.0625], "texture": "#2"},
				"up": {"uv": [1.25, 0.8125, 1.5625, 1.0625], "rotation": 270, "texture": "#2"},
				"down": {"uv": [1.25, 0.8125, 1.5625, 1.0625], "rotation": 90, "texture": "#2"}
			}
		},
		{
			"from": [7.25, 3, 6.75],
			"to": [8.75, 7, 8.25],
			"rotation": {"angle": 0, "axis": "y", "origin": [8, 6.5, 7.5]},
			"faces": {
				"north": {"uv": [0.125, 1.5, 0.4375, 1.75], "texture": "#2"},
				"east": {"uv": [0.125, 1.5, 0.4375, 1.75], "texture": "#2"},
				"south": {"uv": [0.125, 1.5, 0.4375, 1.75], "texture": "#2"},
				"west": {"uv": [0.125, 1.5, 0.4375, 1.75], "texture": "#2"},
				"up": {"uv": [0.125, 1.5, 0.4375, 1.75], "texture": "#2"},
				"down": {"uv": [0.125, 1.5, 0.4375, 1.75], "texture": "#2"}
			}
		}
	],
	"display": {
		"thirdperson_righthand": {
			"rotation": [91, 0, 0],
			"translation": [0.25, -2.5, -2],
			"scale": [0.33398, 0.33398, 0.33398]
		},
		"thirdperson_lefthand": {
			"rotation": [91, 0, 0],
			"translation": [0.25, -2.5, -2],
			"scale": [0.33398, 0.33398, 0.33398]
		},
		"firstperson_righthand": {
			"scale": [0.38281, 0.38281, 0.38281]
		},
		"firstperson_lefthand": {
			"scale": [0.38281, 0.38281, 0.38281]
		},
		"ground": {
			"scale": [0.60938, 0.60938, 0.60938]
		},
		"gui": {
			"rotation": [56, 55, -44],
			"translation": [-0.75, -1.25, 0],
			"scale": [0.5, 0.5, 0.5]
		},
		"head": {
			"translation": [0, -9.5, 0.75],
			"scale": [2, 2, 2]
		},
		"fixed": {
			"scale": [0.64648, 0.64648, 0.64648]
		}
	},
	"groups": [
		{
			"name": "Ballista",
			"origin": [0, 0, 0],
			"color": 0,
			"children": [0, 1, 2, 3, 4, 5, 6, 7, 8, 9, 10, 11, 12, 13, 14, 15]
		},
		{
			"name": "Arrow",
			"origin": [8.57063, 19.5, -9.73918],
			"color": 0,
			"children": [16]
		},
		{
			"name": "mount",
			"origin": [2.5, 9.19101, 8.5205],
			"color": 0,
			"children": [17, 18, 19, 20, 21, 22, 23, 24, 25]
		}
	]
}