{
	"credit": "Made with Blockbench",
	"parent": "cannon",
	"texture_size": [64, 64],
	"textures": {
		"0": "siegeengines:equipment/armour/helmets/navalcannon",
		"1": "siegeengines:equipment/armour/helmets/carriage",
		"particle": "siegeengines:equipment/armour/helmets/navalcannon"
	},
	"elements": [
		{
			"from": [7.75, 11.5, -6.75],
			"to": [8.25, 12.25, -6.25],
			"rotation": {"angle": 0, "axis": "y", "origin": [0, 1, 5.5]},
			"faces": {
				"north": {"uv": [0.275, 5, 0.975, 5.25], "texture": "#0"},
				"east": {"uv": [0.275, 5, 0.975, 5.25], "texture": "#0"},
				"south": {"uv": [0.275, 5, 0.975, 5.25], "texture": "#0"},
				"west": {"uv": [0.275, 5, 0.975, 5.25], "texture": "#0"},
				"up": {"uv": [0.275, 5, 0.975, 5.25], "texture": "#0"},
				"down": {"uv": [0.275, 5, 0.975, 5.25], "texture": "#0"}
			}
		},
		{
			"from": [7.9, 12.25, -6.6],
			"to": [8.1, 12.7, -6.4],
			"rotation": {"angle": 0, "axis": "y", "origin": [0, 2, 5.5]},
			"faces": {
				"north": {"uv": [0.275, 5, 0.975, 5.25], "texture": "#0"},
				"east": {"uv": [0.275, 5, 0.975, 5.25], "texture": "#0"},
				"south": {"uv": [0.275, 5, 0.975, 5.25], "texture": "#0"},
				"west": {"uv": [0.275, 5, 0.975, 5.25], "texture": "#0"},
				"up": {"uv": [0.275, 5, 0.975, 5.25], "texture": "#0"},
				"down": {"uv": [0.275, 5, 0.975, 5.25], "texture": "#0"}
			}
		},
		{
			"from": [5, 6, 13],
			"to": [11, 12, 25],
			"faces": {
				"north": {"uv": [3, 3, 4.5, 4.5], "texture": "#0"},
				"east": {"uv": [0, 3, 3, 4.5], "texture": "#0"},
				"south": {"uv": [7.5, 3, 9, 4.5], "texture": "#0"},
				"west": {"uv": [4.5, 3, 7.5, 4.5], "texture": "#0"},
				"up": {"uv": [4.5, 3, 3, 0], "texture": "#0"},
				"down": {"uv": [6, 0, 4.5, 3], "texture": "#0"}
			}
		},
		{
			"from": [5.5, 6.5, 4],
			"to": [10.5, 11.5, 13],
			"faces": {
				"north": {"uv": [7.25, 8.5, 8.5, 9.75], "texture": "#0"},
				"east": {"uv": [5, 8.5, 7.25, 9.75], "texture": "#0"},
				"south": {"uv": [10.75, 8.5, 12, 9.75], "texture": "#0"},
				"west": {"uv": [8.5, 8.5, 10.75, 9.75], "texture": "#0"},
				"up": {"uv": [8.5, 8.5, 7.25, 6.25], "texture": "#0"},
				"down": {"uv": [9.75, 6.25, 8.5, 8.5], "texture": "#0"}
			}
		},
		{
			"from": [6, 7, -6],
			"to": [10, 11, 4],
			"faces": {
				"north": {"uv": [2.5, 7.25, 3.5, 8.25], "texture": "#0"},
				"east": {"uv": [0, 7.25, 2.5, 8.25], "texture": "#0"},
				"south": {"uv": [6, 7.25, 7, 8.25], "texture": "#0"},
				"west": {"uv": [3.5, 7.25, 6, 8.25], "texture": "#0"},
				"up": {"uv": [3.5, 7.25, 2.5, 4.75], "texture": "#0"},
				"down": {"uv": [4.5, 4.75, 3.5, 7.25], "texture": "#0"}
			}
		},
		{
			"from": [5.5, 6.5, -7.5],
			"to": [10.5, 11.5, -6],
			"rotation": {"angle": 0, "axis": "y", "origin": [0, 0, 5]},
			"faces": {
				"north": {"uv": [0.25, 1.75, 1.25, 2.75], "texture": "#0"},
				"east": {"uv": [0, 1.75, 0.25, 2.75], "texture": "#0"},
				"south": {"uv": [1.5, 1.75, 2.5, 2.75], "texture": "#0"},
				"west": {"uv": [1.25, 1.75, 1.5, 2.75], "texture": "#0"},
				"up": {"uv": [1.25, 1.75, 0.25, 1.5], "texture": "#0"},
				"down": {"uv": [2.25, 1.5, 1.25, 1.75], "texture": "#0"}
			}
		},
		{
			"from": [9.75, 6.25, -8.25],
			"to": [10.75, 11.75, -7.25],
			"rotation": {"angle": 0, "axis": "y", "origin": [0.25, 0, 4.5]},
			"faces": {
				"north": {"uv": [0.275, 5, 0.975, 5.25], "texture": "#0"},
				"east": {"uv": [0.275, 5, 0.975, 5.25], "texture": "#0"},
				"south": {"uv": [0.275, 5, 0.975, 5.25], "texture": "#0"},
				"west": {"uv": [0.275, 5, 0.975, 5.25], "texture": "#0"},
				"up": {"uv": [0.275, 5, 0.975, 5.25], "texture": "#0"},
				"down": {"uv": [0.275, 5, 0.975, 5.25], "texture": "#0"}
			}
		},
		{
			"from": [5.25, 6.25, -8.25],
			"to": [6.25, 11.75, -7.25],
			"rotation": {"angle": 0, "axis": "y", "origin": [-0.25, 0, 4.5]},
			"faces": {
				"north": {"uv": [0.275, 5, 0.975, 5.25], "texture": "#0"},
				"east": {"uv": [0.275, 5, 0.975, 5.25], "texture": "#0"},
				"south": {"uv": [0.275, 5, 0.975, 5.25], "texture": "#0"},
				"west": {"uv": [0.275, 5, 0.975, 5.25], "texture": "#0"},
				"up": {"uv": [0.275, 5, 0.975, 5.25], "texture": "#0"},
				"down": {"uv": [0.275, 5, 0.975, 5.25], "texture": "#0"}
			}
		},
		{
			"from": [6.25, 6.25, -8.25],
			"to": [9.75, 7.25, -7.25],
			"rotation": {"angle": 0, "axis": "y", "origin": [0, -0.25, 4.5]},
			"faces": {
				"north": {"uv": [0.275, 5, 0.975, 5.25], "texture": "#0"},
				"east": {"uv": [0.275, 5, 0.975, 5.25], "texture": "#0"},
				"south": {"uv": [0.275, 5, 0.975, 5.25], "texture": "#0"},
				"west": {"uv": [0.275, 5, 0.975, 5.25], "texture": "#0"},
				"up": {"uv": [0.275, 5, 0.975, 5.25], "texture": "#0"},
				"down": {"uv": [0.275, 5, 0.975, 5.25], "texture": "#0"}
			}
		},
		{
			"from": [6.25, 10.75, -8.25],
			"to": [9.75, 11.75, -7.25],
			"rotation": {"angle": 0, "axis": "y", "origin": [0, 0.25, 4.5]},
			"faces": {
				"north": {"uv": [0.275, 5, 0.975, 5.25], "texture": "#0"},
				"east": {"uv": [0.275, 5, 0.975, 5.25], "texture": "#0"},
				"south": {"uv": [0.275, 5, 0.975, 5.25], "texture": "#0"},
				"west": {"uv": [0.275, 5, 0.975, 5.25], "texture": "#0"},
				"up": {"uv": [0.275, 5, 0.975, 5.25], "texture": "#0"},
				"down": {"uv": [0.275, 5, 0.975, 5.25], "texture": "#0"}
			}
		},
		{
			"from": [4.5, 5.5, 25],
			"to": [11.5, 12.5, 26],
			"faces": {
				"north": {"uv": [6.5, 0.25, 8.25, 2], "texture": "#0"},
				"east": {"uv": [6.25, 0.25, 6.5, 2], "texture": "#0"},
				"south": {"uv": [8.5, 0.25, 10.25, 2], "texture": "#0"},
				"west": {"uv": [8.25, 0.25, 8.5, 2], "texture": "#0"},
				"up": {"uv": [8.25, 0.25, 6.5, 0], "texture": "#0"},
				"down": {"uv": [10, 0, 8.25, 0.25], "texture": "#0"}
			}
		},
		{
			"from": [5, 6, 26],
			"to": [11, 12, 27],
			"faces": {
				"north": {"uv": [9.5, 2.5, 11, 4], "texture": "#0"},
				"east": {"uv": [9.25, 2.5, 9.5, 4], "texture": "#0"},
				"south": {"uv": [11.25, 2.5, 12.75, 4], "texture": "#0"},
				"west": {"uv": [11, 2.5, 11.25, 4], "texture": "#0"},
				"up": {"uv": [11, 2.5, 9.5, 2.25], "texture": "#0"},
				"down": {"uv": [12.5, 2.25, 11, 2.5], "texture": "#0"}
			}
		},
		{
			"from": [6, 7, 27],
			"to": [10, 11, 28],
			"faces": {
				"north": {"uv": [0.25, 0.25, 1.25, 1.25], "texture": "#0"},
				"east": {"uv": [0, 0.25, 0.25, 1.25], "texture": "#0"},
				"south": {"uv": [1.5, 0.25, 2.5, 1.25], "texture": "#0"},
				"west": {"uv": [1.25, 0.25, 1.5, 1.25], "texture": "#0"},
				"up": {"uv": [1.25, 0.25, 0.25, 0], "texture": "#0"},
				"down": {"uv": [2.25, 0, 1.25, 0.25], "texture": "#0"}
			}
		},
		{
			"from": [7.25, 8.25, 28],
			"to": [8.75, 9.75, 30.75],
			"faces": {
				"north": {"uv": [3.5, 9, 3.75, 9.25], "texture": "#0"},
				"east": {"uv": [3, 9, 3.5, 9.25], "texture": "#0"},
				"south": {"uv": [4.25, 9, 4.5, 9.25], "texture": "#0"},
				"west": {"uv": [3.75, 9, 4.25, 9.25], "texture": "#0"},
				"up": {"uv": [3.75, 9, 3.5, 8.5], "texture": "#0"},
				"down": {"uv": [4, 8.5, 3.75, 9], "texture": "#0"}
			}
		},
		{
			"from": [7, 8, 29],
			"to": [9, 10, 30.25],
			"faces": {
				"north": {"uv": [0.25, 6.5, 0.75, 7], "texture": "#0"},
				"east": {"uv": [0, 6.5, 0.25, 7], "texture": "#0"},
				"south": {"uv": [1, 6.5, 1.5, 7], "texture": "#0"},
				"west": {"uv": [0.75, 6.5, 1, 7], "texture": "#0"},
				"up": {"uv": [0.75, 6.5, 0.25, 6.25], "texture": "#0"},
				"down": {"uv": [1.25, 6.25, 0.75, 6.5], "texture": "#0"}
			}
		},
		{
			"from": [7.5, 8.5, 30.25],
			"to": [8.5, 9.5, 31.25],
			"faces": {
				"north": {"uv": [6.5, 2.5, 6.75, 2.75], "texture": "#0"},
				"east": {"uv": [6.25, 2.5, 6.5, 2.75], "texture": "#0"},
				"south": {"uv": [7, 2.5, 7.25, 2.75], "texture": "#0"},
				"west": {"uv": [6.75, 2.5, 7, 2.75], "texture": "#0"},
				"up": {"uv": [6.75, 2.5, 6.5, 2.25], "texture": "#0"},
				"down": {"uv": [7, 2.25, 6.75, 2.5], "texture": "#0"}
			}
		},
		{
			"from": [2.75, 8, 8.5],
			"to": [13.25, 9.5, 10],
			"faces": {
				"north": {"uv": [5, 5, 7.5, 5.25], "texture": "#0"},
				"east": {"uv": [4.75, 5, 5, 5.25], "texture": "#0"},
				"south": {"uv": [7.75, 5, 10.25, 5.25], "texture": "#0"},
				"west": {"uv": [7.5, 5, 7.75, 5.25], "texture": "#0"},
				"up": {"uv": [7.5, 5, 5, 4.75], "texture": "#0"},
				"down": {"uv": [10, 4.75, 7.5, 5], "texture": "#0"}
			}
		},
		{
			"from": [5.25, -0.5, 7.25],
			"to": [10.75, 6.5, 11.25],
			"faces": {
				"north": {"uv": [1, 4, 2.25, 5.75], "texture": "#1"},
				"east": {"uv": [0, 4, 1, 5.75], "texture": "#1"},
				"south": {"uv": [3.25, 4, 4.5, 5.75], "texture": "#1"},
				"west": {"uv": [2.25, 4, 3.25, 5.75], "texture": "#1"},
				"up": {"uv": [2.25, 4, 1, 3], "texture": "#1"},
				"down": {"uv": [3.5, 3, 2.25, 4], "texture": "#1"}
			}
		},
		{
			"from": [6.25, -2.5, 1.25],
			"to": [9.75, 0.5, 17.25],
			"rotation": {"angle": 45, "axis": "y", "origin": [8, -1, 9.25]},
			"faces": {
				"north": {"uv": [1, 4, 2.25, 5.75], "texture": "#1"},
				"east": {"uv": [0, 4, 1, 5.75], "texture": "#1"},
				"south": {"uv": [3.25, 4, 4.5, 5.75], "texture": "#1"},
				"west": {"uv": [2.25, 4, 3.25, 5.75], "texture": "#1"},
				"up": {"uv": [2.25, 4, 1, 3], "texture": "#1"},
				"down": {"uv": [3.5, 3, 2.25, 4], "texture": "#1"}
			}
		},
		{
			"from": [6.25, -2.5, 1.25],
			"to": [9.75, 0.5, 17.25],
			"rotation": {"angle": -45, "axis": "y", "origin": [8, -1, 9.25]},
			"faces": {
				"north": {"uv": [1, 4, 2.25, 5.75], "texture": "#1"},
				"east": {"uv": [0, 4, 1, 5.75], "texture": "#1"},
				"south": {"uv": [3.25, 4, 4.5, 5.75], "texture": "#1"},
				"west": {"uv": [2.25, 4, 3.25, 5.75], "texture": "#1"},
				"up": {"uv": [2.25, 4, 1, 3], "texture": "#1"},
				"down": {"uv": [3.5, 3, 2.25, 4], "texture": "#1"}
			}
		},
		{
			"from": [3.25, 3.5, 6.25],
			"to": [5.5, 8, 12.25],
			"faces": {
				"north": {"uv": [1.5, 7.5, 2, 8.5], "texture": "#1"},
				"east": {"uv": [0, 7.5, 1.5, 8.5], "texture": "#1"},
				"south": {"uv": [3.5, 7.5, 4, 8.5], "texture": "#1"},
				"west": {"uv": [2, 7.5, 3.5, 8.5], "texture": "#1"},
				"up": {"uv": [2, 7.5, 1.5, 6], "texture": "#1"},
				"down": {"uv": [2.5, 6, 2, 7.5], "texture": "#1"}
			}
		},
		{
			"from": [3.25, 8, 7.25],
			"to": [5.5, 9, 11.25],
			"faces": {
				"north": {"uv": [9.25, 1.5, 9.75, 1.75], "texture": "#1"},
				"east": {"uv": [8.25, 1.5, 9.25, 1.75], "texture": "#1"},
				"south": {"uv": [10.75, 1.5, 11.25, 1.75], "texture": "#1"},
				"west": {"uv": [9.75, 1.5, 10.75, 1.75], "texture": "#1"},
				"up": {"uv": [9.75, 1.5, 9.25, 0.5], "texture": "#1"},
				"down": {"uv": [10.25, 0.5, 9.75, 1.5], "texture": "#1"}
			}
		},
		{
			"from": [4.25, 2.5, 7.25],
			"to": [5.25, 3.5, 11.25],
			"faces": {
				"north": {"uv": [7.5, 10, 7.75, 10.25], "texture": "#1"},
				"east": {"uv": [6.5, 10, 7.5, 10.25], "texture": "#1"},
				"south": {"uv": [8.75, 10, 9, 10.25], "texture": "#1"},
				"west": {"uv": [7.75, 10, 8.75, 10.25], "texture": "#1"},
				"up": {"uv": [7.75, 10, 7.5, 9], "texture": "#1"},
				"down": {"uv": [8, 9, 7.75, 10], "texture": "#1"}
			}
		},
		{
			"from": [10.5, 8, 7.25],
			"to": [12.75, 9, 11.25],
			"faces": {
				"north": {"uv": [8.5, 6.25, 9, 6.5], "texture": "#1"},
				"east": {"uv": [7.5, 6.25, 8.5, 6.5], "texture": "#1"},
				"south": {"uv": [10, 6.25, 10.5, 6.5], "texture": "#1"},
				"west": {"uv": [9, 6.25, 10, 6.5], "texture": "#1"},
				"up": {"uv": [9, 6.25, 8.5, 5.25], "texture": "#1"},
				"down": {"uv": [9.5, 5.25, 9, 6.25], "texture": "#1"}
			}
		},
		{
			"from": [10.5, 3.5, 6.25],
			"to": [12.75, 8, 12.25],
			"faces": {
				"north": {"uv": [4.75, 6, 5.25, 7], "texture": "#1"},
				"east": {"uv": [3.25, 6, 4.75, 7], "texture": "#1"},
				"south": {"uv": [6.75, 6, 7.25, 7], "texture": "#1"},
				"west": {"uv": [5.25, 6, 6.75, 7], "texture": "#1"},
				"up": {"uv": [5.25, 6, 4.75, 4.5], "texture": "#1"},
				"down": {"uv": [5.75, 4.5, 5.25, 6], "texture": "#1"}
			}
		},
		{
			"from": [10.75, 2.5, 7.25],
			"to": [11.75, 3.5, 11.25],
			"faces": {
				"north": {"uv": [5.25, 8.25, 5.5, 8.5], "texture": "#1"},
				"east": {"uv": [4.25, 8.25, 5.25, 8.5], "texture": "#1"},
				"south": {"uv": [6.5, 8.25, 6.75, 8.5], "texture": "#1"},
				"west": {"uv": [5.5, 8.25, 6.5, 8.5], "texture": "#1"},
				"up": {"uv": [5.5, 8.25, 5.25, 7.25], "texture": "#1"},
				"down": {"uv": [5.75, 7.25, 5.5, 8.25], "texture": "#1"}
			}
		},
		{
			"from": [5.25, 2.5, 5.25],
			"to": [10.75, 6.5, 13.25],
			"faces": {
				"north": {"uv": [8.75, 7.25, 10, 8.75], "texture": "#1"},
				"east": {"uv": [7, 7.25, 7.5, 8.75], "texture": "#1"},
				"south": {"uv": [9.25, 7.25, 10.5, 8.75], "texture": "#1"},
				"west": {"uv": [8.75, 7.25, 9.25, 8.75], "texture": "#1"},
				"up": {"uv": [8.75, 7.25, 7.5, 6.75], "texture": "#1"},
				"down": {"uv": [10, 6.75, 8.75, 7.25], "texture": "#1"}
			}
		},
		{
			"from": [5.75, 3.5, 4.25],
			"to": [10.25, 6.5, 14.25],
			"faces": {
				"north": {"uv": [0.25, 8.75, 1.5, 10], "texture": "#1"},
				"east": {"uv": [3.25, 9, 3.5, 10.25], "texture": "#1"},
				"south": {"uv": [5, 9, 6.25, 10.25], "texture": "#1"},
				"west": {"uv": [4.75, 9, 5, 10.25], "texture": "#1"},
				"up": {"uv": [4.75, 9, 3.5, 8.75], "texture": "#1"},
				"down": {"uv": [6, 8.75, 4.75, 9], "texture": "#1"}
			}
		}
	],
	"display": {
		"gui": {
			"rotation": [45, 55, -28],
			"translation": [2, -4.5, 0],
			"scale": [0.5, 0.5, 0.5]
		},
		"head": {
			"translation": [0, -0.5, -3],
			"scale": [2.6, 2.6, 2.6]
		}
	},
	"groups": [
		{
			"name": "cannon",
			"origin": [0, 0, 0],
			"color": 0,
			"children": [0, 1, 2, 3, 4, 5, 6, 7, 8, 9, 10, 11, 12, 13, 14, 15, 16]
		},
		{
			"name": "carriage",
			"origin": [0, 0, 0],
			"color": 0,
			"children": [17, 18, 19, 20, 21, 22, 23, 24, 25, 26, 27]
		}
	]
}