{
	"credit": "Made with Blockbench",
	"texture_size": [32, 32],
	"textures": {
		"1": "siegeengines:equipment/armour/helmets/wheel",
		"2": "siegeengines:equipment/armour/helmets/trebuchet",
		"particle": "siegeengines:equipment/armour/helmets/trebuchet"
	},
	"elements": [
		{
			"from": [6.75, 6.8875, -1.0375],
			"to": [7.475, 15.3875, -0.5375],
			"rotation": {"angle": 0, "axis": "y", "origin": [3.625, 13.875, -5.2875]},
			"faces": {
				"north": {"uv": [6.25, 3.875, 6.34375, 4.375], "texture": "#2"},
				"east": {"uv": [5.625, 6.375, 5.6875, 6.875], "texture": "#2"},
				"south": {"uv": [4, 6.25, 4.09375, 6.75], "texture": "#2"},
				"west": {"uv": [4.625, 6.5, 4.6875, 7], "texture": "#2"},
				"up": {"uv": [1.71875, 7.1875, 1.625, 7.125], "texture": "#2"},
				"down": {"uv": [7.21875, 1.625, 7.125, 1.6875], "texture": "#2"}
			}
		},
		{
			"from": [6.875, 14.2625, -4.7875],
			"to": [7.35, 14.7625, -1.0375],
			"rotation": {"angle": 0, "axis": "y", "origin": [6.125, 15.0125, -3.6625]},
			"faces": {
				"north": {"uv": [7.125, 7.125, 7.1875, 7.1875], "texture": "#2", "cullface": "north"},
				"east": {"uv": [6.5, 6.375, 6.96875, 6.4375], "texture": "#2"},
				"west": {"uv": [6.5, 6.5, 6.96875, 6.5625], "texture": "#2"},
				"up": {"uv": [3.8125, 7.09375, 3.75, 6.625], "texture": "#2"},
				"down": {"uv": [3.9375, 6.625, 3.875, 7.09375], "texture": "#2"}
			}
		},
		{
			"from": [8.625, 14.2625, -4.7875],
			"to": [9.1, 14.7625, -1.0375],
			"rotation": {"angle": 0, "axis": "y", "origin": [6.125, 15.0125, -3.6625]},
			"faces": {
				"north": {"uv": [0, 7.25, 0.0625, 7.3125], "texture": "#2", "cullface": "north"},
				"east": {"uv": [6.625, 2, 7.09375, 2.0625], "texture": "#2"},
				"west": {"uv": [6.625, 2.125, 7.09375, 2.1875], "texture": "#2"},
				"up": {"uv": [6.6875, 4.34375, 6.625, 3.875], "texture": "#2"},
				"down": {"uv": [6.6875, 4.375, 6.625, 4.84375], "texture": "#2"}
			}
		},
		{
			"from": [6.975, 13.52332, -5.46008],
			"to": [7.25, 14.02332, -0.58508],
			"rotation": {"angle": 22.5, "axis": "x", "origin": [6.125, 13.77332, -3.46008]},
			"faces": {
				"east": {"uv": [6.375, 1.5, 7, 1.5625], "texture": "#2"},
				"south": {"uv": [1.625, 7.25, 1.65625, 7.3125], "texture": "#2"},
				"west": {"uv": [6.375, 1.625, 7, 1.6875], "texture": "#2"},
				"up": {"uv": [6.90625, 4.5, 6.875, 3.875], "texture": "#2"},
				"down": {"uv": [5.65625, 6.875, 5.625, 7.5], "texture": "#2"}
			}
		},
		{
			"from": [8.725, 13.52332, -5.46008],
			"to": [9, 14.02332, -0.58508],
			"rotation": {"angle": 22.5, "axis": "x", "origin": [6.125, 13.77332, -3.46008]},
			"faces": {
				"east": {"uv": [6.375, 1.75, 7, 1.8125], "texture": "#2"},
				"south": {"uv": [7.25, 1.625, 7.28125, 1.6875], "texture": "#2"},
				"west": {"uv": [6.375, 1.875, 7, 1.9375], "texture": "#2"},
				"up": {"uv": [6.90625, 7.375, 6.875, 6.75], "texture": "#2"},
				"down": {"uv": [7.03125, 0, 7, 0.625], "texture": "#2"}
			}
		},
		{
			"from": [6.75, 13.3875, -5.5375],
			"to": [7.475, 14.8875, -4.7875],
			"rotation": {"angle": 0, "axis": "y", "origin": [3.625, 13.625, -9.5375]},
			"faces": {
				"north": {"uv": [6.875, 2.5, 6.96875, 2.6875], "texture": "#2", "cullface": "north"},
				"east": {"uv": [6.875, 4.5, 6.96875, 4.6875], "texture": "#2", "cullface": "north"},
				"south": {"uv": [6.875, 5.375, 6.96875, 5.5625], "texture": "#2", "cullface": "north"},
				"west": {"uv": [6.875, 5.625, 6.96875, 5.8125], "texture": "#2", "cullface": "north"},
				"up": {"uv": [7.21875, 0.59375, 7.125, 0.5], "texture": "#2", "cullface": "north"},
				"down": {"uv": [7.21875, 0.625, 7.125, 0.71875], "texture": "#2", "cullface": "north"}
			}
		},
		{
			"from": [8.5, 13.3875, -5.5375],
			"to": [9.225, 14.8875, -4.7875],
			"rotation": {"angle": 0, "axis": "y", "origin": [3.625, 13.625, -9.5375]},
			"faces": {
				"north": {"uv": [7, 0.625, 7.09375, 0.8125], "texture": "#2", "cullface": "north"},
				"east": {"uv": [7, 1.5, 7.09375, 1.6875], "texture": "#2", "cullface": "north"},
				"south": {"uv": [7, 1.75, 7.09375, 1.9375], "texture": "#2", "cullface": "north"},
				"west": {"uv": [7, 2.5, 7.09375, 2.6875], "texture": "#2", "cullface": "north"},
				"up": {"uv": [7.21875, 0.84375, 7.125, 0.75], "texture": "#2", "cullface": "north"},
				"down": {"uv": [7.21875, 0.875, 7.125, 0.96875], "texture": "#2", "cullface": "north"}
			}
		},
		{
			"from": [8.5, 6.8875, -1.2875],
			"to": [9.225, 15.4, -0.7875],
			"rotation": {"angle": 0, "axis": "y", "origin": [5.375, 13.875, -5.2875]},
			"faces": {
				"north": {"uv": [4.125, 6.25, 4.21875, 6.75], "texture": "#2"},
				"east": {"uv": [4.75, 6.5, 4.8125, 7], "texture": "#2"},
				"south": {"uv": [6.25, 4.375, 6.34375, 4.875], "texture": "#2"},
				"west": {"uv": [4.875, 6.5, 4.9375, 7], "texture": "#2"},
				"up": {"uv": [1.84375, 7.1875, 1.75, 7.125], "texture": "#2"},
				"down": {"uv": [7.21875, 1.75, 7.125, 1.8125], "texture": "#2"}
			}
		},
		{
			"from": [6.65, 6.8875, -7.2875],
			"to": [9.325, 9.9, 0.2125],
			"rotation": {"angle": 0, "axis": "y", "origin": [5.375, 14.875, -5.2875]},
			"faces": {
				"north": {"uv": [5, 5, 5.34375, 5.625], "texture": "#2"},
				"east": {"uv": [0.5, 2.375, 1.4375, 3], "texture": "#2"},
				"south": {"uv": [5.25, 1, 5.59375, 1.625], "texture": "#2"},
				"west": {"uv": [2.5, 0.5, 3.4375, 1.125], "texture": "#2"},
				"up": {"uv": [2.34375, 5.1875, 2, 4.25], "texture": "#2"},
				"down": {"uv": [4.59375, 3.875, 4.25, 4.8125], "texture": "#2"}
			}
		},
		{
			"from": [6.65, 9.8875, -6.2875],
			"to": [9.325, 12.9, -0.7875],
			"rotation": {"angle": 0, "axis": "y", "origin": [5.375, 14.875, -5.2875]},
			"faces": {
				"north": {"uv": [5.75, 1.25, 6.09375, 1.625], "texture": "#2"},
				"east": {"uv": [4.5, 3, 5.1875, 3.375], "texture": "#2"},
				"south": {"uv": [5.75, 1.625, 6.09375, 2], "texture": "#2"},
				"west": {"uv": [5, 3.875, 5.6875, 4.25], "texture": "#2"},
				"up": {"uv": [4.59375, 5.5625, 4.25, 4.875], "texture": "#2"},
				"down": {"uv": [5.34375, 4.25, 5, 4.9375], "texture": "#2"}
			}
		},
		{
			"from": [6.85, 9.2875, -5.1875],
			"to": [9.225, 12.5, 0.2125],
			"rotation": {"angle": 22.5, "axis": "x", "origin": [5.375, 14.875, -5.2875]},
			"faces": {
				"north": {"uv": [5.75, 2, 6.0625, 2.40625], "texture": "#2"},
				"east": {"uv": [4.5, 1, 5.1875, 1.40625], "texture": "#2"},
				"south": {"uv": [5.75, 2.5, 6.0625, 2.90625], "texture": "#2"},
				"west": {"uv": [4.5, 1.5, 5.1875, 1.90625], "texture": "#2"},
				"up": {"uv": [5.5625, 2.3125, 5.25, 1.625], "texture": "#2"},
				"down": {"uv": [2.3125, 5.25, 2, 5.9375], "texture": "#2"}
			}
		},
		{
			"from": [6.85, 9.2875, -5.1875],
			"to": [9.225, 12.5, 0.2125],
			"rotation": {"angle": 22.5, "axis": "x", "origin": [5.375, 14.875, -5.2875]},
			"faces": {
				"north": {"uv": [5.75, 2, 6.0625, 2.40625], "texture": "#2"},
				"east": {"uv": [4.5, 1, 5.1875, 1.40625], "texture": "#2"},
				"south": {"uv": [5.75, 2.5, 6.0625, 2.90625], "texture": "#2"},
				"west": {"uv": [4.5, 1.5, 5.1875, 1.90625], "texture": "#2"},
				"up": {"uv": [5.5625, 2.3125, 5.25, 1.625], "texture": "#2"},
				"down": {"uv": [2.3125, 5.25, 2, 5.9375], "texture": "#2"}
			}
		},
		{
			"from": [6.85, 7.8875, -7.5875],
			"to": [9.225, 11.2, -2.1875],
			"rotation": {"angle": -22.5, "axis": "x", "origin": [5.375, 14.875, -5.2875]},
			"faces": {
				"north": {"uv": [5.875, 3.875, 6.1875, 4.28125], "texture": "#2"},
				"east": {"uv": [4.5, 2, 5.1875, 2.40625], "texture": "#2"},
				"south": {"uv": [5.875, 4.375, 6.1875, 4.78125], "texture": "#2"},
				"west": {"uv": [4.5, 2.5, 5.1875, 2.90625], "texture": "#2"},
				"up": {"uv": [5.5625, 3.0625, 5.25, 2.375], "texture": "#2"},
				"down": {"uv": [5.6875, 4.25, 5.375, 4.9375], "texture": "#2"}
			}
		},
		{
			"from": [7.5, 16.59683, -3.54999],
			"to": [8.475, 18.09683, 15.23313],
			"rotation": {"angle": 45, "axis": "x", "origin": [8, 17.25844, 0.49157]},
			"faces": {
				"north": {"uv": [6.75, 5.375, 6.875, 5.5625], "rotation": 180, "texture": "#2", "cullface": "down"},
				"east": {"uv": [2.5, 0, 6.5, 0.1875], "rotation": 180, "texture": "#2"},
				"south": {"uv": [6.75, 2.5, 6.875, 2.6875], "rotation": 180, "texture": "#2"},
				"west": {"uv": [2.5, 0.25, 6.5, 0.4375], "rotation": 180, "texture": "#2"},
				"up": {"uv": [0.75, 3, 0.625, 7], "texture": "#2"},
				"down": {"uv": [0.625, 7, 0.5, 3], "texture": "#2"}
			}
		},
		{
			"from": [7.4375, 13.125, 17.8875],
			"to": [8.5375, 17.125, 19.7618],
			"rotation": {"angle": -45, "axis": "x", "origin": [11.4375, -0.5, 20.5]},
			"faces": {
				"north": {"uv": [4.78125, 6, 4.625, 6.5], "rotation": 180, "texture": "#2", "cullface": "down"},
				"east": {"uv": [6, 4.875, 6.5, 5.09375], "rotation": 270, "texture": "#2"},
				"south": {"uv": [2.15625, 6.5, 2, 6], "texture": "#2"},
				"west": {"uv": [6, 5.125, 6.5, 5.34375], "rotation": 90, "texture": "#2"},
				"up": {"uv": [6.5, 2.625, 6.65625, 2.84375], "rotation": 180, "texture": "#2"},
				"down": {"uv": [3.5, 6.5, 3.65625, 6.71875], "texture": "#2", "cullface": "down"}
			}
		},
		{
			"from": [7.4875, -2.211, 7.50173],
			"to": [7.7125, 3.414, 7.75173],
			"rotation": {"angle": 0, "axis": "x", "origin": [11.4375, -4.3485, 20.88112]},
			"faces": {
				"north": {"uv": [3.40625, 7.5625, 3.375, 7], "rotation": 180, "texture": "#2", "cullface": "down"},
				"east": {"uv": [6.75, 2.75, 7.3125, 2.78125], "rotation": 90, "texture": "#2", "cullface": "down"},
				"south": {"uv": [7.03125, 3.875, 7, 4.4375], "texture": "#2", "cullface": "down"},
				"west": {"uv": [6.75, 4.75, 7.3125, 4.78125], "rotation": 270, "texture": "#2", "cullface": "down"}
			}
		},
		{
			"from": [8.2625, 6.63089, 8.31862],
			"to": [8.4375, 6.88089, 13.31862],
			"rotation": {"angle": -45, "axis": "x", "origin": [11.4375, -4.3485, 20.88112]},
			"faces": {
				"east": {"uv": [6.625, 2.25, 7.5, 2.28125], "texture": "#2", "cullface": "down"},
				"west": {"uv": [6.625, 2.875, 7.5, 2.90625], "texture": "#2", "cullface": "down"},
				"up": {"uv": [5.78125, 7.5, 5.75, 6.625], "texture": "#2", "cullface": "down"},
				"down": {"uv": [6.03125, 6.625, 6, 7.5], "texture": "#2", "cullface": "down"}
			}
		},
		{
			"from": [8.2625, -5.51911, -0.73138],
			"to": [8.4375, -5.26911, 4.26862],
			"rotation": {"angle": 0, "axis": "y", "origin": [11.4375, -4.3485, 20.88112]},
			"faces": {
				"east": {"uv": [6.625, 2.25, 7.5, 2.28125], "texture": "#2", "cullface": "down"},
				"west": {"uv": [6.625, 2.875, 7.5, 2.90625], "texture": "#2", "cullface": "down"},
				"up": {"uv": [5.78125, 7.5, 5.75, 6.625], "texture": "#2", "cullface": "down"},
				"down": {"uv": [6.03125, 6.625, 6, 7.5], "texture": "#2", "cullface": "down"}
			}
		},
		{
			"from": [7.5125, 6.63089, 8.31862],
			"to": [7.6875, 6.88089, 13.31862],
			"rotation": {"angle": -45, "axis": "x", "origin": [11.4375, -4.3485, 20.88112]},
			"faces": {
				"east": {"uv": [6.625, 2.25, 7.5, 2.28125], "texture": "#2", "cullface": "down"},
				"west": {"uv": [6.625, 2.875, 7.5, 2.90625], "texture": "#2", "cullface": "down"},
				"up": {"uv": [5.78125, 7.5, 5.75, 6.625], "texture": "#2", "cullface": "down"},
				"down": {"uv": [6.03125, 6.625, 6, 7.5], "texture": "#2", "cullface": "down"}
			}
		},
		{
			"from": [7.5125, -5.51911, -0.73138],
			"to": [7.6875, -5.26911, 4.26862],
			"rotation": {"angle": 0, "axis": "y", "origin": [11.4375, -4.3485, 20.88112]},
			"faces": {
				"east": {"uv": [6.625, 2.25, 7.5, 2.28125], "texture": "#2", "cullface": "down"},
				"west": {"uv": [6.625, 2.875, 7.5, 2.90625], "texture": "#2", "cullface": "down"},
				"up": {"uv": [5.78125, 7.5, 5.75, 6.625], "texture": "#2", "cullface": "down"},
				"down": {"uv": [6.03125, 6.625, 6, 7.5], "texture": "#2", "cullface": "down"}
			}
		},
		{
			"from": [8.2375, -2.211, 7.50173],
			"to": [8.4625, 3.414, 7.75173],
			"rotation": {"angle": 0, "axis": "x", "origin": [11.4375, -4.3485, 20.88112]},
			"faces": {
				"north": {"uv": [4.90625, 7.5625, 4.875, 7], "rotation": 180, "texture": "#2", "cullface": "down"},
				"east": {"uv": [4.25, 7, 4.8125, 7.03125], "rotation": 90, "texture": "#2", "cullface": "down"},
				"south": {"uv": [7.03125, 4.875, 7, 5.4375], "texture": "#2", "cullface": "down"},
				"west": {"uv": [7, 4.5, 7.5625, 4.53125], "rotation": 270, "texture": "#2", "cullface": "down"}
			}
		},
		{
			"from": [7.4875, 3.289, 7.50173],
			"to": [7.7125, 8.914, 7.75173],
			"rotation": {"angle": 0, "axis": "y", "origin": [11.4375, -4.3485, 20.88112]},
			"faces": {
				"north": {"uv": [3.40625, 7.5625, 3.375, 7], "rotation": 180, "texture": "#2", "cullface": "down"},
				"east": {"uv": [6.75, 2.75, 7.3125, 2.78125], "rotation": 90, "texture": "#2", "cullface": "down"},
				"south": {"uv": [7.03125, 3.875, 7, 4.4375], "texture": "#2", "cullface": "down"},
				"west": {"uv": [6.75, 4.75, 7.3125, 4.78125], "rotation": 270, "texture": "#2", "cullface": "down"}
			}
		},
		{
			"from": [8.2375, 3.289, 7.50173],
			"to": [8.4625, 8.914, 7.75173],
			"rotation": {"angle": 0, "axis": "y", "origin": [11.4375, -4.3485, 20.88112]},
			"faces": {
				"north": {"uv": [4.90625, 7.5625, 4.875, 7], "rotation": 180, "texture": "#2", "cullface": "down"},
				"east": {"uv": [4.25, 7, 4.8125, 7.03125], "rotation": 90, "texture": "#2", "cullface": "down"},
				"south": {"uv": [7.03125, 4.875, 7, 5.4375], "texture": "#2", "cullface": "down"},
				"west": {"uv": [7, 4.5, 7.5625, 4.53125], "rotation": 270, "texture": "#2", "cullface": "down"}
			}
		},
		{
			"from": [6.75, -5.5, -2.125],
			"to": [9.225, -3.5, 0.375],
			"rotation": {"angle": 0, "axis": "y", "origin": [8, 4, 8]},
			"faces": {
				"north": {"uv": [6.375, 4.625, 6.5625, 4.8125], "texture": "#2", "cullface": "down"},
				"east": {"uv": [6, 6.375, 6.1875, 6.5625], "texture": "#2", "cullface": "down"},
				"south": {"uv": [6.375, 6.125, 6.5625, 6.3125], "texture": "#2", "cullface": "down"},
				"west": {"uv": [6.25, 6.375, 6.4375, 6.5625], "texture": "#2", "cullface": "down"},
				"up": {"uv": [6.6875, 0.1875, 6.5, 0], "texture": "#2", "cullface": "down"}
			}
		},
		{
			"from": [3.925, -14.4, 1.875],
			"to": [4.15, -12.9, 2.125],
			"rotation": {"angle": 45, "axis": "x", "origin": [11.25, -6, 19]},
			"faces": {
				"north": {"uv": [7.125, 4.875, 7.15625, 5.0625], "texture": "#2", "cullface": "down"},
				"east": {"uv": [5, 7.125, 5.03125, 7.3125], "texture": "#2", "cullface": "down"},
				"south": {"uv": [5.125, 7.125, 5.15625, 7.3125], "texture": "#2", "cullface": "down"},
				"west": {"uv": [7.125, 5.125, 7.15625, 5.3125], "texture": "#2", "cullface": "down"},
				"up": {"uv": [7.28125, 3.90625, 7.25, 3.875], "texture": "#2", "cullface": "down"},
				"down": {"uv": [7.28125, 4, 7.25, 4.03125], "texture": "#2", "cullface": "down"}
			}
		},
		{
			"from": [3.95, -15.475, 5.15],
			"to": [4.175, -15.25, 6.65],
			"rotation": {"angle": 45, "axis": "x", "origin": [14.85, -2.125, 23]},
			"faces": {
				"north": {"uv": [7.25, 4.875, 7.28125, 4.90625], "texture": "#2", "cullface": "down"},
				"east": {"uv": [7.125, 4.375, 7.3125, 4.40625], "texture": "#2", "cullface": "down"},
				"south": {"uv": [7.25, 5, 7.28125, 5.03125], "texture": "#2", "cullface": "down"},
				"west": {"uv": [7.125, 5.375, 7.3125, 5.40625], "texture": "#2", "cullface": "down"},
				"up": {"uv": [5.53125, 7.3125, 5.5, 7.125], "texture": "#2", "cullface": "down"},
				"down": {"uv": [7.15625, 6.125, 7.125, 6.3125], "texture": "#2", "cullface": "down"}
			}
		},
		{
			"from": [11.625, -14.4, 1.875],
			"to": [11.85, -12.9, 2.125],
			"rotation": {"angle": 45, "axis": "x", "origin": [11.25, -6, 19]},
			"faces": {
				"north": {"uv": [7.125, 4.875, 7.15625, 5.0625], "texture": "#2", "cullface": "down"},
				"east": {"uv": [5, 7.125, 5.03125, 7.3125], "texture": "#2", "cullface": "down"},
				"south": {"uv": [5.125, 7.125, 5.15625, 7.3125], "texture": "#2", "cullface": "down"},
				"west": {"uv": [7.125, 5.125, 7.15625, 5.3125], "texture": "#2", "cullface": "down"},
				"up": {"uv": [7.28125, 3.90625, 7.25, 3.875], "texture": "#2", "cullface": "down"},
				"down": {"uv": [7.28125, 4, 7.25, 4.03125], "texture": "#2", "cullface": "down"}
			}
		},
		{
			"from": [11.9, -4.225, -7.35],
			"to": [12.125, -3.975, -5.85],
			"rotation": {"angle": 45, "axis": "x", "origin": [14.85, -1.875, 23]},
			"faces": {
				"north": {"uv": [7.25, 4.875, 7.28125, 4.90625], "texture": "#2", "cullface": "down"},
				"east": {"uv": [7.125, 4.375, 7.3125, 4.40625], "texture": "#2", "cullface": "down"},
				"south": {"uv": [7.25, 5, 7.28125, 5.03125], "texture": "#2", "cullface": "down"},
				"west": {"uv": [7.125, 5.375, 7.3125, 5.40625], "texture": "#2", "cullface": "down"},
				"up": {"uv": [5.53125, 7.3125, 5.5, 7.125], "texture": "#2", "cullface": "down"},
				"down": {"uv": [7.15625, 6.125, 7.125, 6.3125], "texture": "#2", "cullface": "down"}
			}
		},
		{
			"from": [11.875, -3.15, -10.625],
			"to": [12.1, -1.65, -10.375],
			"rotation": {"angle": 45, "axis": "x", "origin": [11.25, -5.75, 19]},
			"faces": {
				"north": {"uv": [7.125, 4.875, 7.15625, 5.0625], "texture": "#2", "cullface": "down"},
				"east": {"uv": [5, 7.125, 5.03125, 7.3125], "texture": "#2", "cullface": "down"},
				"south": {"uv": [5.125, 7.125, 5.15625, 7.3125], "texture": "#2", "cullface": "down"},
				"west": {"uv": [7.125, 5.125, 7.15625, 5.3125], "texture": "#2", "cullface": "down"},
				"up": {"uv": [7.28125, 3.90625, 7.25, 3.875], "texture": "#2", "cullface": "down"},
				"down": {"uv": [7.28125, 4, 7.25, 4.03125], "texture": "#2", "cullface": "down"}
			}
		},
		{
			"from": [3.9, -4.225, -7.35],
			"to": [4.125, -3.975, -5.85],
			"rotation": {"angle": 45, "axis": "x", "origin": [14.85, -1.875, 23]},
			"faces": {
				"north": {"uv": [7.25, 4.875, 7.28125, 4.90625], "texture": "#2", "cullface": "down"},
				"east": {"uv": [7.125, 4.375, 7.3125, 4.40625], "texture": "#2", "cullface": "down"},
				"south": {"uv": [7.25, 5, 7.28125, 5.03125], "texture": "#2", "cullface": "down"},
				"west": {"uv": [7.125, 5.375, 7.3125, 5.40625], "texture": "#2", "cullface": "down"},
				"up": {"uv": [5.53125, 7.3125, 5.5, 7.125], "texture": "#2", "cullface": "down"},
				"down": {"uv": [7.15625, 6.125, 7.125, 6.3125], "texture": "#2", "cullface": "down"}
			}
		},
		{
			"from": [3.875, -3.15, -10.625],
			"to": [4.1, -1.65, -10.375],
			"rotation": {"angle": 45, "axis": "x", "origin": [11.25, -5.75, 19]},
			"faces": {
				"north": {"uv": [7.125, 4.875, 7.15625, 5.0625], "texture": "#2", "cullface": "down"},
				"east": {"uv": [5, 7.125, 5.03125, 7.3125], "texture": "#2", "cullface": "down"},
				"south": {"uv": [5.125, 7.125, 5.15625, 7.3125], "texture": "#2", "cullface": "down"},
				"west": {"uv": [7.125, 5.125, 7.15625, 5.3125], "texture": "#2", "cullface": "down"},
				"up": {"uv": [7.28125, 3.90625, 7.25, 3.875], "texture": "#2", "cullface": "down"},
				"down": {"uv": [7.28125, 4, 7.25, 4.03125], "texture": "#2", "cullface": "down"}
			}
		},
		{
			"from": [11.65, -15.475, 5.15],
			"to": [11.875, -15.25, 6.65],
			"rotation": {"angle": 45, "axis": "x", "origin": [14.85, -2.125, 23]},
			"faces": {
				"north": {"uv": [7.25, 4.875, 7.28125, 4.90625], "texture": "#2", "cullface": "down"},
				"east": {"uv": [7.125, 4.375, 7.3125, 4.40625], "texture": "#2", "cullface": "down"},
				"south": {"uv": [7.25, 5, 7.28125, 5.03125], "texture": "#2", "cullface": "down"},
				"west": {"uv": [7.125, 5.375, 7.3125, 5.40625], "texture": "#2", "cullface": "down"},
				"up": {"uv": [5.53125, 7.3125, 5.5, 7.125], "texture": "#2", "cullface": "down"},
				"down": {"uv": [7.15625, 6.125, 7.125, 6.3125], "texture": "#2", "cullface": "down"}
			}
		},
		{
			"from": [11, -6.125, 18.875],
			"to": [11.1, -5.875, 19.125],
			"rotation": {"angle": 0, "axis": "y", "origin": [14.125, -2.125, 23]},
			"faces": {
				"north": {"uv": [7.25, 5.125, 7.28125, 5.15625], "texture": "#2", "cullface": "down"},
				"south": {"uv": [7.25, 5.25, 7.28125, 5.28125], "texture": "#2", "cullface": "down"},
				"up": {"uv": [6.15625, 7.28125, 6.125, 7.25], "texture": "#2", "cullface": "down"},
				"down": {"uv": [7.28125, 6.125, 7.25, 6.15625], "texture": "#2", "cullface": "down"}
			}
		},
		{
			"from": [10, -6.25, 10.375],
			"to": [10.975, -6, 13.875],
			"rotation": {"angle": 0, "axis": "y", "origin": [14, -2.25, 15.25]},
			"faces": {
				"north": {"uv": [0.375, 7.25, 0.5, 7.28125], "texture": "#2", "cullface": "down"},
				"east": {"uv": [7, 6.75, 7.4375, 6.78125], "texture": "#2", "cullface": "down"},
				"south": {"uv": [7.25, 0.375, 7.375, 0.40625], "texture": "#2", "cullface": "down"},
				"west": {"uv": [7, 6.875, 7.4375, 6.90625], "texture": "#2", "cullface": "down"},
				"up": {"uv": [2.375, 6.4375, 2.25, 6], "texture": "#2", "cullface": "down"}
			}
		},
		{
			"from": [5, -6.25, 10.375],
			"to": [5.975, -6, 13.875],
			"rotation": {"angle": 0, "axis": "y", "origin": [9, -2.25, 15.25]},
			"faces": {
				"north": {"uv": [7.25, 0.5, 7.375, 0.53125], "texture": "#2", "cullface": "down"},
				"east": {"uv": [7, 7, 7.4375, 7.03125], "texture": "#2", "cullface": "down"},
				"south": {"uv": [7.25, 0.625, 7.375, 0.65625], "texture": "#2", "cullface": "down"},
				"west": {"uv": [7.125, 0, 7.5625, 0.03125], "texture": "#2", "cullface": "down"},
				"up": {"uv": [5, 6.4375, 4.875, 6], "texture": "#2", "cullface": "down"}
			}
		},
		{
			"from": [6, 16.75, 0],
			"to": [6.975, 18.25, 1],
			"rotation": {"angle": 0, "axis": "y", "origin": [3, 7.25, 4]},
			"faces": {
				"north": {"uv": [6.25, 6.75, 6.375, 6.9375], "texture": "#2"},
				"east": {"uv": [6.375, 6.75, 6.5, 6.9375], "texture": "#2"},
				"south": {"uv": [6.5, 6.75, 6.625, 6.9375], "texture": "#2"},
				"up": {"uv": [6.25, 3, 6.125, 2.875], "texture": "#2"}
			}
		},
		{
			"from": [5, -6.25, -0.25],
			"to": [5.975, 20, 1.25],
			"rotation": {"angle": 0, "axis": "y", "origin": [2, 4, 9]},
			"faces": {
				"north": {"uv": [0, 3, 0.125, 7.15625], "texture": "#2"},
				"east": {"uv": [1.5, 0, 1.6875, 4.15625], "texture": "#2"},
				"south": {"uv": [0.125, 3, 0.25, 7.15625], "texture": "#2"},
				"west": {"uv": [1.75, 0, 1.9375, 4.15625], "texture": "#2"},
				"up": {"uv": [6.75, 6.9375, 6.625, 6.75], "texture": "#2"}
			}
		},
		{
			"from": [9.625, -9.3625, -3.5375],
			"to": [10.85, 13.8875, -2.2875],
			"rotation": {"angle": 22.5, "axis": "x", "origin": [14, 6.375, 1.7125]},
			"faces": {
				"north": {"uv": [0.75, 3, 0.90625, 5.90625], "texture": "#2"},
				"east": {"uv": [1, 3, 1.15625, 5.90625], "texture": "#2"},
				"south": {"uv": [3, 1.125, 3.15625, 4.03125], "texture": "#2"},
				"west": {"uv": [1.25, 3, 1.40625, 5.90625], "texture": "#2"}
			}
		},
		{
			"from": [5.125, -9.3625, -3.5375],
			"to": [6.35, 13.8875, -2.2875],
			"rotation": {"angle": 22.5, "axis": "x", "origin": [14, 6.375, 1.7125]},
			"faces": {
				"north": {"uv": [0.75, 3, 0.90625, 5.90625], "texture": "#2"},
				"east": {"uv": [1, 3, 1.15625, 5.90625], "texture": "#2"},
				"south": {"uv": [3, 1.125, 3.15625, 4.03125], "texture": "#2"},
				"west": {"uv": [1.25, 3, 1.40625, 5.90625], "texture": "#2"}
			}
		},
		{
			"from": [5, -7, -13.5],
			"to": [5.975, -6.25, 18],
			"rotation": {"angle": 0, "axis": "y", "origin": [5.5, -6.625, 4.25]},
			"faces": {
				"north": {"uv": [6.75, 7, 6.875, 7.09375], "texture": "#2", "cullface": "down"},
				"east": {"uv": [4.25, 3.375, 8.6875, 3.46875], "texture": "#2", "cullface": "down"},
				"south": {"uv": [7.125, 0.125, 7.25, 0.21875], "texture": "#2", "cullface": "down"},
				"west": {"uv": [4.25, 3.5, 8.6875, 3.59375], "texture": "#2", "cullface": "down"},
				"up": {"uv": [2.625, 5.5625, 2.5, 1.125], "texture": "#2", "cullface": "down"},
				"down": {"uv": [2.75, 1.125, 2.625, 5.5625], "texture": "#2", "cullface": "down"}
			}
		},
		{
			"from": [6, 9, 6.75],
			"to": [9.975, 10, 7.75],
			"rotation": {"angle": -45, "axis": "x", "origin": [10, -2, 15.25]},
			"faces": {
				"north": {"uv": [5.75, 3, 6.25, 3.125], "texture": "#2", "cullface": "down"},
				"east": {"uv": [2.375, 6.375, 2.5, 6.5], "texture": "#2", "cullface": "down"},
				"south": {"uv": [6.125, 2, 6.625, 2.125], "texture": "#2", "cullface": "down"},
				"west": {"uv": [6.875, 0.75, 7, 0.875], "texture": "#2", "cullface": "down"},
				"up": {"uv": [6.625, 2.25, 6.125, 2.125], "texture": "#2", "cullface": "down"},
				"down": {"uv": [6.625, 2.25, 6.125, 2.375], "texture": "#2", "cullface": "down"}
			}
		},
		{
			"from": [9, 16.75, 0],
			"to": [9.975, 18.25, 1],
			"rotation": {"angle": 0, "axis": "y", "origin": [6, 7.25, 4]},
			"faces": {
				"north": {"uv": [6.75, 6.75, 6.875, 6.9375], "texture": "#2"},
				"south": {"uv": [6.875, 0, 7, 0.1875], "texture": "#2"},
				"west": {"uv": [6.875, 0.25, 7, 0.4375], "texture": "#2"},
				"up": {"uv": [7.125, 5.875, 7, 5.75], "texture": "#2"}
			}
		},
		{
			"from": [10, -7, -13.5],
			"to": [10.975, -6.25, 18],
			"rotation": {"angle": 0, "axis": "y", "origin": [14, -4, 8]},
			"faces": {
				"north": {"uv": [7.125, 0.25, 7.25, 0.34375], "texture": "#2", "cullface": "down"},
				"east": {"uv": [4.25, 3.625, 8.6875, 3.71875], "texture": "#2", "cullface": "down"},
				"south": {"uv": [7.125, 0.375, 7.25, 0.46875], "texture": "#2", "cullface": "down"},
				"west": {"uv": [4.25, 3.75, 8.6875, 3.84375], "texture": "#2", "cullface": "down"},
				"up": {"uv": [2.875, 5.5625, 2.75, 1.125], "texture": "#2", "cullface": "down"},
				"down": {"uv": [3, 1.125, 2.875, 5.5625], "texture": "#2", "cullface": "down"}
			}
		},
		{
			"from": [-1, -7.2, 0],
			"to": [16.725, -6.25, 1],
			"rotation": {"angle": 0, "axis": "y", "origin": [8, -4, 9]},
			"faces": {
				"north": {"uv": [4.5, 0.5, 6.75, 0.625], "texture": "#2", "cullface": "down"},
				"east": {"uv": [6.625, 7, 6.75, 7.125], "texture": "#2", "cullface": "down"},
				"south": {"uv": [4.5, 0.625, 6.75, 0.75], "texture": "#2", "cullface": "down"},
				"west": {"uv": [7, 6.625, 7.125, 6.75], "texture": "#2", "cullface": "west"},
				"up": {"uv": [6.75, 0.875, 4.5, 0.75], "texture": "#2", "cullface": "down"},
				"down": {"uv": [6.75, 0.875, 4.5, 1], "texture": "#2", "cullface": "down"}
			}
		},
		{
			"from": [15, -7, -0.75],
			"to": [16.975, -5.75, 1.75],
			"rotation": {"angle": 0, "axis": "y", "origin": [8, -4, 9]},
			"faces": {
				"north": {"uv": [3.75, 6.375, 4, 6.53125], "texture": "#2", "cullface": "down"},
				"east": {"uv": [6.125, 2.375, 6.4375, 2.53125], "texture": "#2", "cullface": "down"},
				"south": {"uv": [6.375, 3.875, 6.625, 4.03125], "texture": "#2", "cullface": "down"},
				"west": {"uv": [6.125, 2.625, 6.4375, 2.78125], "texture": "#2", "cullface": "west"},
				"up": {"uv": [6.25, 5.6875, 6, 5.375], "texture": "#2", "cullface": "down"},
				"down": {"uv": [6.25, 5.75, 6, 6.0625], "texture": "#2", "cullface": "down"}
			}
		},
		{
			"from": [-1.25, -7, -0.75],
			"to": [0.725, -5.75, 1.75],
			"rotation": {"angle": 0, "axis": "y", "origin": [8, -4, 9]},
			"faces": {
				"north": {"uv": [6.375, 4.125, 6.625, 4.28125], "texture": "#2", "cullface": "down"},
				"east": {"uv": [6, 6.125, 6.3125, 6.28125], "texture": "#2", "cullface": "down"},
				"south": {"uv": [6.375, 4.375, 6.625, 4.53125], "texture": "#2", "cullface": "down"},
				"west": {"uv": [6.25, 2.875, 6.5625, 3.03125], "texture": "#2", "cullface": "west"},
				"up": {"uv": [6.375, 1.5625, 6.125, 1.25], "texture": "#2", "cullface": "down"},
				"down": {"uv": [6.375, 1.625, 6.125, 1.9375], "texture": "#2", "cullface": "down"}
			}
		},
		{
			"from": [10.15, -10.2375, 2],
			"to": [10.825, 0.7625, 3],
			"rotation": {"angle": 45, "axis": "x", "origin": [0, 3.25, 2]},
			"faces": {
				"north": {"uv": [5.125, 5.625, 5.21875, 7], "texture": "#2"},
				"east": {"uv": [2.625, 5.625, 2.75, 7], "texture": "#2"},
				"south": {"uv": [5.25, 5.625, 5.34375, 7], "texture": "#2"},
				"west": {"uv": [2.75, 5.625, 2.875, 7], "texture": "#2"}
			}
		},
		{
			"from": [5.15, -10.2375, 2],
			"to": [5.825, 0.7625, 3],
			"rotation": {"angle": 45, "axis": "x", "origin": [0, 3.25, 2]},
			"faces": {
				"north": {"uv": [5.75, 3.875, 5.84375, 5.25], "texture": "#2"},
				"east": {"uv": [2.875, 5.625, 3, 7], "texture": "#2"},
				"south": {"uv": [5.75, 5.25, 5.84375, 6.625], "texture": "#2"},
				"west": {"uv": [4.25, 5.625, 4.375, 7], "texture": "#2"}
			}
		},
		{
			"from": [10.15, -2.9875, 1],
			"to": [10.825, 7.7625, 2],
			"rotation": {"angle": -45, "axis": "x", "origin": [0, 3.25, 9]},
			"faces": {
				"north": {"uv": [5.875, 4.875, 5.96875, 6.21875], "texture": "#2"},
				"east": {"uv": [4.375, 5.625, 4.5, 6.96875], "texture": "#2"},
				"south": {"uv": [0.75, 6, 0.84375, 7.34375], "texture": "#2"},
				"west": {"uv": [4.5, 5.625, 4.625, 6.96875], "texture": "#2"}
			}
		},
		{
			"from": [5.15, -2.9875, 1],
			"to": [5.825, 7.7625, 2],
			"rotation": {"angle": -45, "axis": "x", "origin": [0, 3.25, 9]},
			"faces": {
				"north": {"uv": [0.875, 6, 0.96875, 7.34375], "texture": "#2"},
				"east": {"uv": [5, 5.625, 5.125, 6.96875], "texture": "#2"},
				"south": {"uv": [1, 6, 1.09375, 7.34375], "texture": "#2"},
				"west": {"uv": [5.625, 5, 5.75, 6.34375], "texture": "#2"}
			}
		},
		{
			"from": [9.875, -5.6125, 3.5375],
			"to": [11.1, 16.8875, 4.7875],
			"rotation": {"angle": -22.5, "axis": "x", "origin": [0, 6.375, 9.2875]},
			"faces": {
				"north": {"uv": [3.75, 3.5, 3.90625, 6.28125], "texture": "#2"},
				"east": {"uv": [4, 0.5, 4.15625, 3.28125], "texture": "#2"},
				"south": {"uv": [4, 3.375, 4.15625, 6.15625], "texture": "#2"},
				"west": {"uv": [3, 4.125, 3.15625, 6.90625], "texture": "#2"}
			}
		},
		{
			"from": [4.875, -5.6125, 3.5375],
			"to": [6.1, 16.8875, 4.7875],
			"rotation": {"angle": -22.5, "axis": "x", "origin": [0, 6.375, 9.2875]},
			"faces": {
				"north": {"uv": [3.25, 4.125, 3.40625, 6.90625], "texture": "#2"},
				"east": {"uv": [4.25, 0.5, 4.40625, 3.28125], "texture": "#2"},
				"south": {"uv": [1.5, 4.25, 1.65625, 7.03125], "texture": "#2"},
				"west": {"uv": [1.75, 4.25, 1.90625, 7.03125], "texture": "#2"}
			}
		},
		{
			"from": [8.75318, -6.72586, 0.125],
			"to": [9.72818, 10.27413, 0.875],
			"rotation": {"angle": 22.5, "axis": "z", "origin": [13.00318, 10.76164, 16]},
			"faces": {
				"north": {"uv": [2.375, 4.25, 2.5, 6.375], "texture": "#2"},
				"east": {"uv": [5.375, 5, 5.46875, 7.125], "texture": "#2"},
				"south": {"uv": [4.625, 3.875, 4.75, 6], "texture": "#2"},
				"west": {"uv": [5.5, 5, 5.59375, 7.125], "texture": "#2"}
			}
		},
		{
			"from": [6.24682, -6.72586, 0.125],
			"to": [7.22182, 10.27413, 0.875],
			"rotation": {"angle": -22.5, "axis": "z", "origin": [2.99682, 10.76164, 16]},
			"faces": {
				"north": {"uv": [4.75, 3.875, 4.875, 6], "texture": "#2"},
				"east": {"uv": [5.625, 1, 5.71875, 3.125], "texture": "#2"},
				"south": {"uv": [4.875, 3.875, 5, 6], "texture": "#2"},
				"west": {"uv": [2.5, 5.625, 2.59375, 7.75], "texture": "#2"}
			}
		},
		{
			"from": [10, -6.25, -0.25],
			"to": [10.975, 20, 1.25],
			"rotation": {"angle": 0, "axis": "y", "origin": [7, 4, 9]},
			"faces": {
				"north": {"uv": [0.25, 3, 0.375, 7.15625], "texture": "#2"},
				"east": {"uv": [2, 0, 2.1875, 4.15625], "texture": "#2"},
				"south": {"uv": [0.375, 3, 0.5, 7.15625], "texture": "#2"},
				"west": {"uv": [2.25, 0, 2.4375, 4.15625], "texture": "#2"},
				"up": {"uv": [7, 0.6875, 6.875, 0.5], "texture": "#2"}
			}
		},
		{
			"from": [6, -6.5, -9.5],
			"to": [9.975, -6, 9],
			"rotation": {"angle": 0, "axis": "y", "origin": [11, -2.75, 3]},
			"faces": {
				"north": {"uv": [6.5, 4.875, 7, 4.9375], "texture": "#2", "cullface": "down"},
				"east": {"uv": [5.25, 3.125, 8.1875, 3.1875], "texture": "#2", "cullface": "down"},
				"south": {"uv": [6.5, 5, 7, 5.0625], "texture": "#2", "cullface": "down"},
				"west": {"uv": [5.25, 3.25, 8.1875, 3.3125], "texture": "#2", "cullface": "down"},
				"down": {"uv": [0.5, 0, 0, 2.9375], "texture": "#2", "cullface": "down"}
			}
		},
		{
			"from": [6, -6, -9.5],
			"to": [9.975, -5.5, 9.5],
			"rotation": {"angle": 0, "axis": "y", "origin": [11.25, -2, 8.75]},
			"faces": {
				"north": {"uv": [6.5, 5.125, 7, 5.1875], "texture": "#2", "cullface": "down"},
				"east": {"uv": [5.75, 1, 8.125, 1.0625], "texture": "#2", "cullface": "down"},
				"south": {"uv": [6.5, 5.25, 7, 5.3125], "texture": "#2", "cullface": "down"},
				"west": {"uv": [5.75, 1.125, 8.125, 1.1875], "texture": "#2", "cullface": "down"},
				"up": {"uv": [1, 2.375, 0.5, 0], "texture": "#2", "cullface": "down"},
				"down": {"uv": [1.5, 0, 1, 2.375], "texture": "#2", "cullface": "down"}
			}
		},
		{
			"from": [4, 17.125, 0.25],
			"to": [11.975, 17.625, 0.75],
			"rotation": {"angle": 0, "axis": "y", "origin": [6, 7.25, 4]},
			"faces": {
				"north": {"uv": [6.625, 6.125, 7, 6.1875], "texture": "#2"},
				"east": {"uv": [7.125, 6.625, 7.1875, 6.6875], "texture": "#2"},
				"south": {"uv": [6.625, 6.25, 7, 6.3125], "texture": "#2"},
				"west": {"uv": [7, 7.125, 7.0625, 7.1875], "texture": "#2"},
				"up": {"uv": [7.125, 0.9375, 6.75, 0.875], "texture": "#2"},
				"down": {"uv": [7.125, 2.375, 6.75, 2.4375], "texture": "#2"}
			}
		},
		{
			"from": [7.75, -4.25, 1],
			"to": [8.225, 3.25, 1.5],
			"rotation": {"angle": -45, "axis": "x", "origin": [0, 0, 0]},
			"faces": {
				"north": {"uv": [3, 3, 3.25, 6.75], "texture": "#1"},
				"east": {"uv": [3.5, 1.5, 3.75, 5.25], "texture": "#1"},
				"south": {"uv": [4, 1.5, 4.25, 5.25], "texture": "#1"},
				"west": {"uv": [4.5, 1.5, 4.75, 5.25], "texture": "#1"},
				"up": {"uv": [7.75, 6.75, 7.5, 6.5], "texture": "#1"},
				"down": {"uv": [7.25, 7.5, 7, 7.75], "texture": "#1"}
			}
		},
		{
			"from": [7.75, -1, -2.25],
			"to": [8.225, -0.5, 5.25],
			"rotation": {"angle": -45, "axis": "x", "origin": [0, 0, 0]},
			"faces": {
				"north": {"uv": [8, 1, 8.25, 1.25], "texture": "#1"},
				"east": {"uv": [5, 3.5, 8.75, 3.75], "texture": "#1"},
				"south": {"uv": [3, 8, 3.25, 8.25], "texture": "#1"},
				"west": {"uv": [5, 4, 8.75, 4.25], "texture": "#1"},
				"up": {"uv": [0.25, 8.75, 0, 5], "texture": "#1"},
				"down": {"uv": [0.75, 5, 0.5, 8.75], "texture": "#1"}
			}
		},
		{
			"from": [7.775, -2.25, 1.25],
			"to": [8.175, 3.25, 1.75],
			"faces": {
				"north": {"uv": [2, 5.5, 2.25, 8.25], "texture": "#1"},
				"east": {"uv": [2.5, 5.5, 2.75, 8.25], "texture": "#1"},
				"south": {"uv": [3.5, 5.5, 3.75, 8.25], "texture": "#1"},
				"west": {"uv": [4, 5.5, 4.25, 8.25], "texture": "#1"},
				"up": {"uv": [7.75, 7.25, 7.5, 7], "texture": "#1"},
				"down": {"uv": [7.75, 7.5, 7.5, 7.75], "texture": "#1"}
			}
		},
		{
			"from": [7.775, 0.25, -1.25],
			"to": [8.175, 0.75, 4.25],
			"faces": {
				"north": {"uv": [7.5, 6, 7.75, 6.25], "texture": "#1"},
				"east": {"uv": [5, 4.5, 7.75, 4.75], "texture": "#1"},
				"south": {"uv": [6.5, 7.5, 6.75, 7.75], "texture": "#1"},
				"west": {"uv": [5, 5, 7.75, 5.25], "texture": "#1"},
				"up": {"uv": [1.25, 8.25, 1, 5.5], "texture": "#1"},
				"down": {"uv": [1.75, 5.5, 1.5, 8.25], "texture": "#1"}
			}
		},
		{
			"from": [7.525, 0.675, 3.925],
			"to": [8.45, 2.15, 4.925],
			"rotation": {"angle": 45, "axis": "x", "origin": [0, 0, 0]},
			"faces": {
				"north": {"uv": [6, 6.5, 6.5, 7.25], "texture": "#1"},
				"east": {"uv": [6.5, 6.5, 7, 7.25], "texture": "#1"},
				"south": {"uv": [7, 0, 7.5, 0.75], "texture": "#1"},
				"west": {"uv": [3, 7, 3.5, 7.75], "texture": "#1"},
				"up": {"uv": [8, 6, 7.5, 5.5], "texture": "#1"},
				"down": {"uv": [6.5, 7.5, 6, 8], "texture": "#1"}
			}
		},
		{
			"from": [7.5, -3, -1],
			"to": [8.475, -2, 4],
			"faces": {
				"north": {"uv": [7.5, 1, 8, 1.5], "texture": "#1"},
				"east": {"uv": [3, 0.5, 5.5, 1], "texture": "#1"},
				"south": {"uv": [4.5, 7.5, 5, 8], "texture": "#1"},
				"west": {"uv": [3, 1, 5.5, 1.5], "texture": "#1"},
				"up": {"uv": [2.5, 5.5, 2, 3], "texture": "#1"},
				"down": {"uv": [3, 3, 2.5, 5.5], "texture": "#1"}
			}
		},
		{
			"from": [6.375, -5.5, -2.5],
			"to": [9.6, -5, 0.75],
			"rotation": {"angle": 0, "axis": "y", "origin": [8, 4, 8]},
			"faces": {
				"north": {"uv": [7, 4.625, 7.28125, 4.6875], "texture": "#1", "cullface": "down"},
				"east": {"uv": [5, 7, 5.28125, 7.0625], "texture": "#1", "cullface": "down"},
				"south": {"uv": [7, 5.5, 7.28125, 5.5625], "texture": "#1", "cullface": "down"},
				"west": {"uv": [7, 5.625, 7.28125, 5.6875], "texture": "#1", "cullface": "down"},
				"up": {"uv": [1.40625, 6.28125, 1.125, 6], "texture": "#1", "cullface": "down"}
			}
		},
		{
			"from": [7.5, -2, 4],
			"to": [8.475, 3, 5],
			"faces": {
				"north": {"uv": [0, 0, 0.5, 2.5], "texture": "#1"},
				"east": {"uv": [0.5, 0, 1, 2.5], "texture": "#1"},
				"south": {"uv": [1, 0, 1.5, 2.5], "texture": "#1"},
				"west": {"uv": [1.5, 0, 2, 2.5], "texture": "#1"},
				"up": {"uv": [6, 1.5, 5.5, 1], "texture": "#1"},
				"down": {"uv": [6.5, 1, 6, 1.5], "texture": "#1"}
			}
		},
		{
			"from": [7.5, 3, -1],
			"to": [8.475, 4, 4],
			"faces": {
				"north": {"uv": [7.5, 0, 8, 0.5], "texture": "#1"},
				"east": {"uv": [1, 2.5, 3.5, 3], "texture": "#1"},
				"south": {"uv": [7.5, 0.5, 8, 1], "texture": "#1"},
				"west": {"uv": [3, 0, 5.5, 0.5], "texture": "#1"},
				"up": {"uv": [1.5, 5.5, 1, 3], "texture": "#1"},
				"down": {"uv": [2, 3, 1.5, 5.5], "texture": "#1"}
			}
		},
		{
			"from": [7.525, -1.425, 4.6],
			"to": [8.45, 0.05, 5.6],
			"rotation": {"angle": -45, "axis": "x", "origin": [0, 0, 0]},
			"faces": {
				"north": {"uv": [5.5, 5.5, 6, 6.25], "texture": "#1"},
				"east": {"uv": [6, 0, 6.5, 0.75], "texture": "#1"},
				"south": {"uv": [6, 5.5, 6.5, 6.25], "texture": "#1"},
				"west": {"uv": [6.5, 0, 7, 0.75], "texture": "#1"},
				"up": {"uv": [7.5, 7, 7, 6.5], "texture": "#1"},
				"down": {"uv": [7.5, 7, 7, 7.5], "texture": "#1"}
			}
		},
		{
			"from": [7.525, 0.675, -3.5],
			"to": [8.45, 2.15, -2.5],
			"rotation": {"angle": 45, "axis": "x", "origin": [0, 0, 0]},
			"faces": {
				"north": {"uv": [3, 1.5, 3.5, 2.25], "texture": "#1"},
				"east": {"uv": [5.5, 0, 6, 0.75], "texture": "#1"},
				"south": {"uv": [4.5, 5.5, 5, 6.25], "texture": "#1"},
				"west": {"uv": [5, 5.5, 5.5, 6.25], "texture": "#1"},
				"up": {"uv": [7, 1.5, 6.5, 1], "texture": "#1"},
				"down": {"uv": [7.5, 1, 7, 1.5], "texture": "#1"}
			}
		},
		{
			"from": [7.5, -2, -2],
			"to": [8.475, 3, -1],
			"faces": {
				"north": {"uv": [2, 0, 2.5, 2.5], "texture": "#1"},
				"east": {"uv": [0, 2.5, 0.5, 5], "texture": "#1"},
				"south": {"uv": [2.5, 0, 3, 2.5], "texture": "#1"},
				"west": {"uv": [0.5, 2.5, 1, 5], "texture": "#1"},
				"up": {"uv": [7.5, 6, 7, 5.5], "texture": "#1"},
				"down": {"uv": [7.5, 6, 7, 6.5], "texture": "#1"}
			}
		},
		{
			"from": [7.525, -1.425, -2.8],
			"to": [8.45, 0.05, -1.8],
			"rotation": {"angle": -45, "axis": "x", "origin": [0, 0, 0]},
			"faces": {
				"north": {"uv": [4.5, 6.5, 5, 7.25], "texture": "#1"},
				"east": {"uv": [5, 6.5, 5.5, 7.25], "texture": "#1"},
				"south": {"uv": [5.5, 6.5, 6, 7.25], "texture": "#1"},
				"west": {"uv": [6.5, 5.5, 7, 6.25], "texture": "#1"},
				"up": {"uv": [5.5, 8, 5, 7.5], "texture": "#1"},
				"down": {"uv": [6, 7.5, 5.5, 8], "texture": "#1"}
			}
		},
		{
			"from": [4.15, 0.25, 1.25],
			"to": [11.625, 0.75, 1.75],
			"faces": {
				"north": {"uv": [5, 1.5, 8.75, 1.75], "texture": "#1"},
				"east": {"uv": [8, 0, 8.25, 0.25], "texture": "#1"},
				"south": {"uv": [5, 2, 8.75, 2.25], "texture": "#1"},
				"west": {"uv": [8, 0.5, 8.25, 0.75], "texture": "#1"},
				"up": {"uv": [8.75, 2.75, 5, 2.5], "texture": "#1"},
				"down": {"uv": [8.75, 3, 5, 3.25], "texture": "#1"}
			}
		},
		{
			"from": [4.15, 5.25, 4.25],
			"to": [11.625, 5.75, 4.75],
			"faces": {
				"north": {"uv": [5, 1.5, 8.75, 1.75], "texture": "#1"},
				"east": {"uv": [8, 0, 8.25, 0.25], "texture": "#1"},
				"south": {"uv": [5, 2, 8.75, 2.25], "texture": "#1"},
				"west": {"uv": [8, 0.5, 8.25, 0.75], "texture": "#1"},
				"up": {"uv": [8.75, 2.75, 5, 2.5], "texture": "#1"},
				"down": {"uv": [8.75, 3, 5, 3.25], "texture": "#1"}
			}
		}
	],
	"display": {
		"thirdperson_righthand": {
			"rotation": [1, 1, 1],
			"translation": [1, 1, 1],
			"scale": [0.2, 0.2, 0.2]
		},
		"thirdperson_lefthand": {
			"rotation": [1, 1, 1],
			"translation": [1, 1, 1],
			"scale": [0.2, 0.2, 0.2]
		},
		"firstperson_righthand": {
			"translation": [3, 5.25, 0],
			"scale": [0.7, 0.7, 0.7]
		},
		"firstperson_lefthand": {
			"translation": [3, 5.25, 0],
			"scale": [0.7, 0.7, 0.7]
		},
		"ground": {
			"scale": [0.5, 0.5, 0.5]
		},
		"gui": {
			"rotation": [-20, -44, 0],
			"translation": [-1.5, 0.25, 0],
			"scale": [0.4, 0.4, 0.4]
		},
		"head": {
			"translation": [-1.5, 16, 29],
			"scale": [4, 4, 4]
		},
		"fixed": {
			"rotation": [0, 90, 0],
			"translation": [1.75, 0, -1.5],
			"scale": [0.5, 0.5, 0.5]
		}
	},
	"groups": [
		{
			"name": "trebuchet",
			"origin": [8, 8, 8],
			"color": 0,
			"children": [
				0,
				1,
				2,
				3,
				4,
				5,
				6,
				7,
				8,
				9,
				10,
				11,
				12,
				13,
				14,
				15,
				16,
				17,
				18,
				19,
				20,
				21,
				22,
				23,
				24,
				25,
				26,
				27,
				28,
				29,
				30,
				31,
				32,
				33,
				34,
				35,
				36,
				37,
				38,
				39,
				40,
				41,
				42,
				43,
				44,
				45,
				46,
				47,
				48,
				49,
				50,
				51,
				52,
				53,
				54,
				55,
				56,
				57,
				{
					"name": "group",
					"origin": [0, 0, 0],
					"color": 0,
					"children": [58, 59, 60, 61, 62, 63, 64, 65, 66, 67, 68, 69, 70, 71, 72]
				}
			]
		}
	]
}